hks_t0,hks_t1,hks_t2,hks_t3,hks_t4,hks_t5,hks_t6,hks_t7,hks_t8,hks_t9,hks_t10,hks_t11,hks_t12,hks_t13,hks_t14,hks_t15,hks_t16,hks_t17,hks_t18,hks_t19,hks_t20,hks_t21,hks_t22,hks_t23,hks_t24,hks_t25,hks_t26,hks_t27,hks_t28,hks_t29,hks_t30,hks_t31,target_label
-14.8603735,-14.886021,-14.916819,-14.953717,-14.997801,-15.0502825,-15.112492,-15.185837,-15.271732,-15.3715,-15.486211,-15.6164875,-15.762293,-15.922756,-16.096138,-16.280031,-16.471827,-16.669289,-16.870974,-17.076256,-17.285017,-17.497244,-17.71278,-17.931288,-18.152369,-18.375732,-18.601341,-18.82949,-19.060753,-19.295816,-19.53524,-19.779099,Soma
-14.867511,-14.893176,-14.923998,-14.960927,-15.00505,-15.057582,-15.119853,-15.193271,-15.279244,-15.379081,-15.493815,-15.6240015,-15.769477,-15.929151,-16.100948,-16.281986,-16.469059,-16.659286,-16.85064,-17.042078,-17.233341,-17.424578,-17.616108,-17.808315,-18.001621,-18.196507,-18.393543,-18.593418,-18.796955,-19.005167,-19.219406,-19.441633,Soma
-14.862355,-14.887886,-14.918554,-14.955314,-14.999253,-15.051598,-15.113694,-15.186978,-15.27291,-15.372872,-15.488019,-15.619078,-15.766123,-15.92837,-16.104084,-16.290697,-16.485212,-16.684753,-16.887094,-17.090878,-17.29554,-17.501097,-17.707956,-17.916763,-18.12822,-18.3428,-18.560461,-18.780416,-19.001144,-19.220676,-19.437174,-19.649616,Soma
-14.859112,-14.884692,-14.91541,-14.952214,-14.996183,-15.048531,-15.110579,-15.183731,-15.269397,-15.368885,-15.483249,-15.613081,-15.758286,-15.917896,-16.090006,-16.271961,-16.460804,-16.65389,-16.849388,-17.046432,-17.244976,-17.445503,-17.6488,-17.855816,-18.067585,-18.285168,-18.50965,-18.742123,-18.983635,-19.23506,-19.496935,-19.769354,Soma
-14.849583,-14.875201,-14.905967,-14.94283,-14.986874,-15.039313,-15.1014805,-15.174785,-15.260646,-15.36039,-15.47509,-15.605367,-15.7511635,-15.91156,-16.084707,-16.268011,-16.458574,-16.65379,-16.851837,-17.051825,-17.253586,-17.45737,-17.663576,-17.872622,-18.084915,-18.30085,-18.520798,-18.745087,-18.973907,-19.207266,-19.445017,-19.687057,Soma
-14.168824,-14.173936,-14.18008,-14.187452,-14.1962805,-14.206829,-14.219404,-14.234356,-14.252085,-14.273048,-14.297769,-14.326841,-14.36095,-14.400877,-14.447513,-14.50186,-14.565029,-14.638217,-14.722681,-14.819705,-14.930573,-15.056557,-15.198924,-15.358984,-15.538123,-15.73775,-15.958928,-16.201418,-16.461946,-16.732058,-16.99702,-17.238451,Spine
-13.444245,-13.456031,-13.469994,-13.486458,-13.505758,-13.528231,-13.554191,-13.583909,-13.617591,-13.655366,-13.697291,-13.743413,-13.793862,-13.849025,-13.909722,-13.977373,-14.054047,-14.142396,-14.245475,-14.366541,-14.508899,-14.675763,-14.870045,-15.093889,-15.347799,-15.629203,-15.930579,-16.238018,-16.532381,-16.7953,-17.017645,-17.202755,Spine
-14.633774,-14.647597,-14.664133,-14.683857,-14.707298,-14.73504,-14.7677,-14.805916,-14.850304,-14.901414,-14.959666,-15.025272,-15.098158,-15.177888,-15.263615,-15.354078,-15.44766,-15.542527,-15.636862,-15.729175,-15.818659,-15.905471,-15.990794,-16.076527,-16.164566,-16.25594,-16.350172,-16.445238,-16.538225,-16.626446,-16.708591,-16.78534,Spine
-13.9398575,-13.945585,-13.952515,-13.960895,-13.971023,-13.983252,-13.998005,-14.015786,-14.0371895,-14.062913,-14.093777,-14.13073,-14.174863,-14.227412,-14.289744,-14.363327,-14.449663,-14.550169,-14.665997,-14.797776,-14.945327,-15.107403,-15.281649,-15.464974,-15.654401,-15.8480215,-16.045284,-16.245876,-16.447483,-16.643965,-16.825844,-16.983871,Spine
-14.850304,-14.875955,-14.90676,-14.943672,-14.987778,-15.040297,-15.102562,-15.175992,-15.262013,-15.361964,-15.47693,-15.60755,-15.753793,-15.914773,-16.088696,-16.273043,-16.465038,-16.662252,-16.86309,-17.066929,-17.273891,-17.48451,-17.699501,-17.919641,-18.145742,-18.378603,-18.618967,-18.867523,-19.124992,-19.392296,-19.670618,-19.961212,Soma
-14.7840805,-14.811576,-14.844618,-14.884237,-14.93162,-14.988095,-15.055132,-15.134293,-15.227167,-15.335256,-15.459791,-15.601516,-15.760418,-15.935507,-16.12475,-16.325294,-16.534035,-16.74835,-16.966614,-17.188175,-17.412842,-17.640272,-17.86961,-18.09952,-18.328556,-18.555744,-18.781174,-19.006428,-19.234673,-19.470436,-19.719072,-19.986034,Soma
-14.246523,-14.250742,-14.255825,-14.26194,-14.269289,-14.278107,-14.288667,-14.301293,-14.316363,-14.334318,-14.355673,-14.381035,-14.411119,-14.446768,-14.488973,-14.53889,-14.597856,-14.667385,-14.749165,-14.845039,-14.956978,-15.087019,-15.237169,-15.409213,-15.604384,-15.822819,-16.062756,-16.31954,-16.58482,-16.84677,-17.092443,-17.31216,Spine
-12.835169,-12.870919,-12.914075,-12.966105,-13.02874,-13.103987,-13.194148,-13.301808,-13.429769,-13.580907,-13.757891,-13.96267,-14.195671,-14.454639,-14.733382,-15.021148,-15.30401,-15.56905,-15.809352,-16.025478,-16.221941,-16.40233,-16.5672,-16.715364,-16.846725,-16.964104,-17.0726,-17.177462,-17.282396,-17.38918,-17.498066,-17.608347,Unsure
-14.8603735,-14.886021,-14.916819,-14.953717,-14.997801,-15.0502825,-15.112492,-15.185837,-15.271732,-15.3715,-15.486211,-15.6164875,-15.762293,-15.922756,-16.096138,-16.280031,-16.471827,-16.669289,-16.870974,-17.076256,-17.285017,-17.497244,-17.71278,-17.931288,-18.152369,-18.375732,-18.601341,-18.82949,-19.060753,-19.295816,-19.53524,-19.779099,Soma
-14.808482,-14.835038,-14.866961,-14.905253,-14.95107,-15.005717,-15.070641,-15.147396,-15.237591,-15.342781,-15.464319,-15.603146,-15.759536,-15.932856,-16.121405,-16.322474,-16.532686,-16.748554,-16.967052,-17.185925,-17.403711,-17.619658,-17.833658,-18.046242,-18.258415,-18.471395,-18.68633,-18.904148,-19.12552,-19.350758,-19.579464,-19.810047,Soma
-14.859709,-14.885321,-14.9160795,-14.952932,-14.9969635,-15.049388,-15.111536,-15.184817,-15.270654,-15.37037,-15.485047,-15.615314,-15.761131,-15.921605,-16.094923,-16.278522,-16.469517,-16.66526,-16.863792,-17.06396,-17.26524,-17.467472,-17.6707,-17.875109,-18.08104,-18.288954,-18.499369,-18.712774,-18.92959,-19.150229,-19.37526,-19.605658,Soma
-14.859709,-14.885321,-14.9160795,-14.952932,-14.9969635,-15.049388,-15.111536,-15.184817,-15.270654,-15.37037,-15.485047,-15.615314,-15.761131,-15.921605,-16.094923,-16.278522,-16.469517,-16.66526,-16.863792,-17.06396,-17.26524,-17.467472,-17.6707,-17.875109,-18.08104,-18.288954,-18.499369,-18.712774,-18.92959,-19.150229,-19.37526,-19.605658,Soma
-14.85057,-14.876301,-14.9072075,-14.944246,-14.988511,-15.041231,-15.103755,-15.17752,-15.26398,-15.364513,-15.480265,-15.61196,-15.759697,-15.922769,-16.099627,-16.288073,-16.48569,-16.690395,-16.900848,-17.116478,-17.337185,-17.562994,-17.793865,-18.029732,-18.270634,-18.516861,-18.768991,-19.027866,-19.294563,-19.570507,-19.857658,-20.15869,Soma
-14.85057,-14.876301,-14.9072075,-14.944246,-14.988511,-15.041231,-15.103755,-15.17752,-15.26398,-15.364513,-15.480265,-15.61196,-15.759697,-15.922769,-16.099627,-16.288073,-16.48569,-16.690395,-16.900848,-17.116478,-17.337185,-17.562994,-17.793865,-18.029732,-18.270634,-18.516861,-18.768991,-19.027866,-19.294563,-19.570507,-19.857658,-20.15869,Soma
-15.070798,-15.092403,-15.118216,-15.148946,-15.185372,-15.228318,-15.278607,-15.336999,-15.404083,-15.480133,-15.564931,-15.657564,-15.756272,-15.858413,-15.960671,-16.059559,-16.152126,-16.23665,-16.312986,-16.382444,-16.447311,-16.510248,-16.573803,-16.640162,-16.711128,-16.788254,-16.872944,-16.966497,-17.070023,-17.184338,-17.309929,-17.447014,Shaft
-15.319031,-15.335024,-15.3540535,-15.376601,-15.403183,-15.434326,-15.470546,-15.512296,-15.559916,-15.613563,-15.673147,-15.738289,-15.808319,-15.882351,-15.95943,-16.038736,-16.119776,-16.20249,-16.287296,-16.375029,-16.46688,-16.56429,-16.668795,-16.781872,-16.904755,-17.038366,-17.183302,-17.339922,-17.50849,-17.68927,-17.88243,-18.087467,Shaft
-14.867511,-14.893176,-14.923998,-14.960927,-15.00505,-15.057582,-15.119853,-15.193271,-15.279244,-15.379081,-15.493815,-15.6240015,-15.769477,-15.929151,-16.100948,-16.281986,-16.469059,-16.659286,-16.85064,-17.042078,-17.233341,-17.424578,-17.616108,-17.808315,-18.001621,-18.196507,-18.393543,-18.593418,-18.796955,-19.005167,-19.219406,-19.441633,Soma
-14.885318,-14.910619,-14.941,-14.977398,-15.020878,-15.072638,-15.133984,-15.206299,-15.290975,-15.389304,-15.502326,-15.630627,-15.774117,-15.93184,-16.101894,-16.281582,-16.4678,-16.65758,-16.848524,-17.038975,-17.227934,-17.414898,-17.599789,-17.782898,-17.96483,-18.146393,-18.328545,-18.512428,-18.699501,-18.891663,-19.091328,-19.30137,Soma
-13.954028,-13.965356,-13.979049,-13.995588,-14.015549,-14.03961,-14.068577,-14.103392,-14.145154,-14.195131,-14.254767,-14.32568,-14.409635,-14.508498,-14.624127,-14.758186,-14.911833,-15.08523,-15.276857,-15.482696,-15.695631,-15.905823,-16.10285,-16.27937,-16.434065,-16.571299,-16.69787,-16.819725,-16.940603,-17.062231,-17.184975,-17.30844,Spine
-13.526699,-13.535307,-13.545696,-13.558226,-13.5733185,-13.591476,-13.613293,-13.639464,-13.670809,-13.7082815,-13.752998,-13.806255,-13.869557,-13.944637,-14.033468,-14.13825,-14.261357,-14.405193,-14.571938,-14.763105,-14.978904,-15.217371,-15.473517,-15.73898,-16.00306,-16.255604,-16.490622,-16.707796,-16.910254,-17.100473,-17.277718,-17.438633,Spine
-14.671795,-14.679008,-14.687548,-14.697608,-14.709389,-14.723086,-14.73888,-14.756914,-14.777278,-14.799991,-14.824991,-14.852152,-14.8813095,-14.912339,-14.945241,-14.980226,-15.017748,-15.058459,-15.103076,-15.152208,-15.206222,-15.265211,-15.329084,-15.397731,-15.471226,-15.549983,-15.634808,-15.726783,-15.827006,-15.936247,-16.05461,-16.181236,Spine
-13.0414,-13.077394,-13.120792,-13.17304,-13.235823,-13.311077,-13.400993,-13.507976,-13.63455,-13.783174,-13.955891,-14.153756,-14.375983,-14.618853,-14.87474,-15.132142,-15.377831,-15.6011715,-15.798053,-15.971101,-16.126253,-16.269117,-16.403557,-16.532146,-16.657213,-16.781528,-16.908358,-17.040953,-17.181904,-17.332771,-17.494091,-17.665575,Spine
-13.80048,-13.806511,-13.813735,-13.822364,-13.83264,-13.844834,-13.859244,-13.876195,-13.896025,-13.91909,-13.94575,-13.976368,-14.011315,-14.050993,-14.095864,-14.14652,-14.203749,-14.268619,-14.342532,-14.427237,-14.524775,-14.637362,-14.767207,-14.916274,-15.085977,-15.276789,-15.487728,-15.715724,-15.955027,-16.19708,-16.43151,-16.648647,Spine
-13.940638,-13.967959,-14.000697,-14.03981,-14.0863695,-14.1415415,-14.20654,-14.282558,-14.370642,-14.471509,-14.585308,-14.711345,-14.847833,-14.991825,-15.139493,-15.286816,-15.430531,-15.56885,-15.701546,-15.829435,-15.953716,-16.075493,-16.195469,-16.313702,-16.429504,-16.541662,-16.648876,-16.750282,-16.845863,-16.936665,-17.024729,-17.112703,Spine
-13.791311,-13.813902,-13.841048,-13.873604,-13.912546,-13.95899,-14.014172,-14.079442,-14.156218,-14.245914,-14.349831,-14.4689665,-14.603756,-14.753682,-14.916762,-15.088946,-15.263661,-15.432041,-15.584567,-15.714264,-15.819892,-15.906612,-15.983434,-16.059626,-16.14256,-16.237434,-16.347946,-16.476906,-16.626457,-16.79787,-16.990997,-17.203485,Spine
-14.633124,-14.642157,-14.652763,-14.665135,-14.679447,-14.695839,-14.714391,-14.735101,-14.757851,-14.782398,-14.808381,-14.8353615,-14.86292,-14.890771,-14.918898,-14.94763,-14.977641,-15.009862,-15.045368,-15.085325,-15.131003,-15.183846,-15.2455225,-15.317924,-15.40314,-15.503423,-15.621125,-15.758586,-15.917876,-16.100357,-16.305973,-16.532326,Spine
-15.008145,-15.025422,-15.04596,-15.070269,-15.098884,-15.132349,-15.171173,-15.215785,-15.266462,-15.3232565,-15.385925,-15.453893,-15.526281,-15.60203,-15.680097,-15.759702,-15.840488,-15.922544,-16.006271,-16.092232,-16.181034,-16.273298,-16.369637,-16.470558,-16.576347,-16.6869,-16.801666,-16.91974,-17.040056,-17.161522,-17.282932,-17.402685,Shaft
-14.631633,-14.640867,-14.651682,-14.664253,-14.678732,-14.695225,-14.713764,-14.734278,-14.756558,-14.7802515,-14.804861,-14.8298,-14.854488,-14.878484,-14.901609,-14.924031,-14.946255,-14.969034,-14.993281,-15.020015,-15.050366,-15.085618,-15.127202,-15.176688,-15.2357855,-15.306371,-15.390533,-15.49061,-15.609159,-15.748871,-15.912358,-16.101774,Spine
-14.777005,-14.792362,-14.810704,-14.832537,-14.858418,-14.888949,-14.924748,-14.966425,-15.014526,-15.06948,-15.131516,-15.200596,-15.276349,-15.35806,-15.44471,-15.535087,-15.627944,-15.722168,-15.816936,-15.911855,-16.007078,-16.103292,-16.201492,-16.30252,-16.406572,-16.512909,-16.619978,-16.725927,-16.829336,-16.929844,-17.028393,-17.126917,Shaft
-14.55529,-14.561129,-14.568029,-14.576143,-14.585621,-14.596612,-14.609246,-14.623625,-14.639806,-14.657795,-14.677546,-14.698972,-14.721999,-14.746621,-14.77299,-14.801495,-14.832796,-14.867814,-14.907653,-14.953507,-15.006594,-15.068124,-15.139279,-15.221148,-15.314583,-15.419988,-15.537079,-15.664694,-15.800759,-15.942534,-16.087149,-16.23229,Spine
-14.150316,-14.162656,-14.177142,-14.194026,-14.213533,-14.235832,-14.260998,-14.288965,-14.31949,-14.352128,-14.386241,-14.421092,-14.455996,-14.490545,-14.5248375,-14.559607,-14.596193,-14.636352,-14.681999,-14.735031,-14.797278,-14.870572,-14.956835,-15.05813,-15.176641,-15.314564,-15.473865,-15.655831,-15.860322,-16.084677,-16.322525,-16.563269,Spine
-13.66969,-13.703573,-13.744305,-13.793161,-13.851598,-13.921239,-14.003844,-14.101228,-14.215113,-14.346875,-14.497161,-14.665347,-14.848909,-15.042914,-15.240072,-15.431843,-15.610611,-15.771879,-15.914909,-16.04146,-16.153929,-16.254383,-16.344612,-16.426546,-16.5025,-16.57516,-16.647335,-16.721735,-16.80077,-16.886475,-16.980452,-17.083792,Unsure
-14.840507,-14.865454,-14.895405,-14.931279,-14.974124,-15.025111,-15.08552,-15.156697,-15.239997,-15.336666,-15.4477,-15.573645,-15.714393,-15.869011,-16.035706,-16.212015,-16.395235,-16.582972,-16.773525,-16.96593,-17.159689,-17.354431,-17.549713,-17.745022,-17.939869,-18.133991,-18.327553,-18.52133,-18.71681,-18.916197,-19.122396,-19.339037,Soma
-13.449308,-13.47197,-13.499354,-13.532416,-13.57229,-13.620316,-13.678058,-13.747336,-13.830231,-13.929073,-14.046402,-14.184849,-14.346915,-14.53458,-14.7486315,-14.987656,-15.246734,-15.516257,-15.782056,-16.028427,-16.244051,-16.426954,-16.583818,-16.724525,-16.857176,-16.986462,-17.114279,-17.240755,-17.36498,-17.485449,-17.600254,-17.707144,Spine
-14.472323,-14.485978,-14.502272,-14.52165,-14.544601,-14.571653,-14.603355,-14.640263,-14.682899,-14.731741,-14.787182,-14.84953,-14.9190445,-14.996009,-15.080867,-15.174354,-15.277589,-15.392026,-15.519219,-15.660419,-15.81605,-15.98511,-16.164581,-16.349018,-16.530794,-16.701557,-16.854982,-16.98948,-17.108755,-17.21948,-17.327818,-17.437151,Shaft
-14.16865,-14.195992,-14.228816,-14.268118,-14.315024,-14.370776,-14.436688,-14.514075,-14.60412,-14.70766,-14.824886,-14.954958,-15.09561,-15.242962,-15.391852,-15.536968,-15.674571,-15.803911,-15.92721,-16.048092,-16.169636,-16.293322,-16.419174,-16.546417,-16.67396,-16.800497,-16.924454,-17.04399,-17.15721,-17.262556,-17.359203,-17.44733,Unsure
-14.206541,-14.225452,-14.24799,-14.274744,-14.30635,-14.343465,-14.386736,-14.436738,-14.493902,-14.55842,-14.630153,-14.708551,-14.792655,-14.881191,-14.972785,-15.0662155,-15.160561,-15.25508,-15.348841,-15.440339,-15.527489,-15.608189,-15.681243,-15.747133,-15.808184,-15.868085,-15.931016,-16.000805,-16.080399,-16.171722,-16.275724,-16.392372,Shaft
-14.751028,-14.756137,-14.762162,-14.769229,-14.77746,-14.786974,-14.797872,-14.8102255,-14.824074,-14.839415,-14.85621,-14.874412,-14.894004,-14.915068,-14.937851,-14.96283,-14.99073,-15.022503,-15.059256,-15.102184,-15.152525,-15.211546,-15.280553,-15.36088,-15.453837,-15.5606165,-15.68213,-15.818814,-15.970416,-16.135792,-16.312798,-16.498346,Spine
-14.671795,-14.679008,-14.687548,-14.697608,-14.709389,-14.723086,-14.73888,-14.756914,-14.777278,-14.799991,-14.824991,-14.852152,-14.8813095,-14.912339,-14.945241,-14.980226,-15.017748,-15.058459,-15.103076,-15.152208,-15.206222,-15.265211,-15.329084,-15.397731,-15.471226,-15.549983,-15.634808,-15.726783,-15.827006,-15.936247,-16.05461,-16.181236,Spine
-14.683267,-14.700114,-14.72026,-14.744271,-14.772784,-14.806488,-14.8461075,-14.892374,-14.945977,-15.007505,-15.077373,-15.155742,-15.242474,-15.337118,-15.438975,-15.547226,-15.6611,-15.779999,-15.90351,-16.03129,-16.162882,-16.297539,-16.434156,-16.571302,-16.707354,-16.840672,-16.9698,-17.09361,-17.211342,-17.322613,-17.427519,-17.52675,Shaft
-14.043282,-14.057853,-14.0750475,-14.095217,-14.118697,-14.145782,-14.176681,-14.211456,-14.249969,-14.291823,-14.336354,-14.38267,-14.4298115,-14.477012,-14.524012,-14.571329,-14.620335,-14.673085,-14.731993,-14.799488,-14.877837,-14.969129,-15.075332,-15.198335,-15.3398695,-15.50132,-15.683336,-15.885183,-16.103777,-16.332588,-16.56117,-16.776695,Spine
-13.857583,-13.866811,-13.877938,-13.891341,-13.907466,-13.926838,-13.950074,-13.977903,-14.011173,-14.050882,-14.098199,-14.154493,-14.22138,-14.300753,-14.394824,-14.506141,-14.637553,-14.792118,-14.972859,-15.182341,-15.421935,-15.690672,-15.983632,-16.290268,-16.593966,-16.875086,-17.118202,-17.319103,-17.484924,-17.627699,-17.758013,-17.882626,Spine
-14.840747,-14.86807,-14.900881,-14.940189,-14.987139,-15.043,-15.1091385,-15.1869545,-15.277769,-15.382638,-15.502078,-15.635695,-15.781762,-15.936874,-16.095972,-16.253056,-16.402693,-16.541832,-16.670803,-16.792782,-16.912144,-17.032839,-17.157637,-17.288202,-17.425531,-17.570347,-17.7233,-17.884909,-18.055233,-18.233347,-18.41683,-18.601688,Shaft
-14.845319,-14.87107,-14.901995,-14.939047,-14.983315,-15.036019,-15.098495,-15.172156,-15.258429,-15.358636,-15.473849,-15.604682,-15.751063,-15.912049,-16.085754,-16.269524,-16.46036,-16.655487,-16.852823,-17.051113,-17.249771,-17.44863,-17.647736,-17.847202,-18.047117,-18.247488,-18.448317,-18.649714,-18.852,-19.05578,-19.262096,-19.47265,Soma
-14.842414,-14.85832,-14.87732,-14.8999405,-14.926764,-14.958416,-14.995549,-15.038806,-15.088777,-15.145933,-15.210556,-15.2826605,-15.361928,-15.4476795,-15.538891,-15.634268,-15.732345,-15.831577,-15.930433,-16.027477,-16.121511,-16.211761,-16.298065,-16.381002,-16.461885,-16.542593,-16.62529,-16.712122,-16.805014,-16.905596,-17.015158,-17.134512,Shaft
-14.832991,-14.859269,-14.890841,-14.928685,-14.9739275,-15.027831,-15.091788,-15.167281,-15.255821,-15.358841,-15.47754,-15.612685,-15.76438,-15.931869,-16.113455,-16.306667,-16.508677,-16.716877,-16.929329,-17.144829,-17.362541,-17.581358,-17.799198,-18.012558,-18.216707,-18.406837,-18.579857,-18.735811,-18.878052,-19.012104,-19.144083,-19.279491,Soma
-13.779239,-13.79128,-13.805834,-13.823412,-13.844624,-13.8701935,-13.900978,-13.937987,-13.982402,-14.035593,-14.099137,-14.174825,-14.264642,-14.370727,-14.49526,-14.640247,-14.807124,-14.996119,-15.205301,-15.429451,-15.659219,-15.881713,-16.083645,-16.256445,-16.39988,-16.520906,-16.629013,-16.731985,-16.834084,-16.936247,-17.037302,-17.135513,Spine
-15.037733,-15.063487,-15.09429,-15.131012,-15.174613,-15.22612,-15.286579,-15.356987,-15.438166,-15.530611,-15.634291,-15.748441,-15.871425,-16.000778,-16.133518,-16.266752,-16.398355,-16.527416,-16.654177,-16.779625,-16.905046,-17.03177,-17.161074,-17.2941,-17.43174,-17.574501,-17.722378,-17.874804,-18.030792,-18.18923,-18.349125,-18.509573,Shaft
-14.831993,-14.858036,-14.889317,-14.926802,-14.971597,-15.024943,-15.0882,-15.162806,-15.2502165,-15.351784,-15.468602,-15.601291,-15.749758,-15.9129925,-16.08899,-16.274908,-16.467535,-16.663866,-16.86159,-17.05917,-17.255623,-17.450203,-17.642298,-17.831533,-18.018017,-18.202486,-18.386269,-18.57098,-18.75817,-18.949072,-19.144669,-19.34602,Soma
-14.569778,-14.573881,-14.578821,-14.58476,-14.5918865,-14.600428,-14.610642,-14.622837,-14.637368,-14.65465,-14.675168,-14.699493,-14.728298,-14.762376,-14.80266,-14.850239,-14.906372,-14.972489,-15.050194,-15.141239,-15.247497,-15.37086,-15.513045,-15.67519,-15.85716,-16.056488,-16.267115,-16.478596,-16.677155,-16.849749,-16.989706,-17.099396,Spine
-14.885318,-14.910619,-14.941,-14.977398,-15.020878,-15.072638,-15.133984,-15.206299,-15.290975,-15.389304,-15.502326,-15.630627,-15.774117,-15.93184,-16.101894,-16.281582,-16.4678,-16.65758,-16.848524,-17.038975,-17.227934,-17.414898,-17.599789,-17.782898,-17.96483,-18.146393,-18.328545,-18.512428,-18.699501,-18.891663,-19.091328,-19.30137,Soma
-13.648347,-13.6583,-13.670169,-13.684275,-13.700978,-13.720674,-13.74379,-13.770787,-13.802157,-13.838433,-13.880212,-13.92819,-13.983234,-14.046455,-14.119288,-14.20354,-14.301364,-14.415155,-14.54734,-14.700067,-14.874781,-15.071599,-15.288445,-15.52004,-15.75721,-15.98753,-16.198324,-16.381552,-16.53748,-16.673956,-16.801958,-16.930958,Spine
-13.855919,-13.881746,-13.912938,-13.950565,-13.995895,-14.050408,-14.115819,-14.194075,-14.287342,-14.397929,-14.52815,-14.680034,-14.854856,-15.052363,-15.269721,-15.500368,-15.733516,-15.955594,-16.154465,-16.324604,-16.469034,-16.596169,-16.714815,-16.831232,-16.94878,-17.068735,-17.191126,-17.315327,-17.440487,-17.565844,-17.690933,-17.815685,Spine
-14.940828,-14.945434,-14.950853,-14.957193,-14.964556,-14.97303,-14.982689,-14.993569,-15.005667,-15.018924,-15.033231,-15.048434,-15.0643635,-15.080869,-15.097862,-15.115356,-15.133473,-15.152432,-15.172513,-15.194031,-15.217338,-15.242866,-15.271204,-15.303175,-15.339866,-15.38261,-15.432941,-15.492543,-15.563242,-15.647039,-15.746139,-15.862945,Spine
-15.287161,-15.306707,-15.330011,-15.357688,-15.390404,-15.428855,-15.473727,-15.525648,-15.585106,-15.652357,-15.727328,-15.809536,-15.898065,-15.9916525,-16.08889,-16.18851,-16.289623,-16.391798,-16.49494,-16.599062,-16.704119,-16.810001,-16.916597,-17.023882,-17.131912,-17.240765,-17.350426,-17.460705,-17.57125,-17.681667,-17.791687,-17.901373,Shaft
-14.862355,-14.887886,-14.918554,-14.955314,-14.999253,-15.051598,-15.113694,-15.186978,-15.27291,-15.372872,-15.488019,-15.619078,-15.766123,-15.92837,-16.104084,-16.290697,-16.485212,-16.684753,-16.887094,-17.090878,-17.29554,-17.501097,-17.707956,-17.916763,-18.12822,-18.3428,-18.560461,-18.780416,-19.001144,-19.220676,-19.437174,-19.649616,Soma
-14.63539,-14.652577,-14.673085,-14.69747,-14.726338,-14.760337,-14.80012,-14.846319,-14.899477,-14.959987,-15.028005,-15.103392,-15.185672,-15.27408,-15.36769,-15.465626,-15.567306,-15.672596,-15.78182,-15.895597,-16.014566,-16.139076,-16.26887,-16.402735,-16.538204,-16.671429,-16.797632,-16.912355,-17.01321,-17.101042,-17.179626,-17.254114,Shaft
-14.813845,-14.839538,-14.87039,-14.907355,-14.951517,-15.004094,-15.066416,-15.139892,-15.22594,-15.325879,-15.440773,-15.571229,-15.717174,-15.877665,-16.050835,-16.234053,-16.42436,-16.61902,-16.815945,-17.013794,-17.211811,-17.40961,-17.60712,-17.80468,-18.00312,-18.203697,-18.407824,-18.616684,-18.831001,-19.05119,-19.277943,-19.513067,Soma
-14.428818,-14.454404,-14.485199,-14.522192,-14.566525,-14.619496,-14.682543,-14.757208,-14.845058,-14.947541,-15.065739,-15.199999,-15.349423,-15.5112705,-15.680498,-15.849885,-16.011293,-16.158102,-16.28773,-16.402407,-16.50756,-16.609137,-16.711807,-16.818611,-16.931417,-17.051474,-17.179665,-17.316534,-17.46203,-17.615063,-17.773022,-17.931707,Neck
-14.559764,-14.588329,-14.622664,-14.663845,-14.7131,-14.77181,-14.841476,-14.923682,-15.01998,-15.131732,-15.25986,-15.404507,-15.564652,-15.73782,-15.920104,-16.106838,-16.293926,-16.47932,-16.663626,-16.8492,-17.038313,-17.231665,-17.42815,-17.625824,-17.823328,-18.021006,-18.221165,-18.427246,-18.6422,-18.86668,-19.097958,-19.330326,Spine
-14.885283,-14.911412,-14.942805,-14.980444,-15.025448,-15.079082,-15.142739,-15.217909,-15.306115,-15.408812,-15.527232,-15.662183,-15.8138075,-15.981362,-16.163088,-16.356297,-16.557718,-16.764051,-16.972513,-17.1812,-17.389214,-17.596666,-17.804615,-18.01486,-18.229631,-18.451185,-18.681524,-18.9223,-19.174906,-19.44068,-19.721054,-20.01748,Soma
-14.640163,-14.672962,-14.712222,-14.759061,-14.814704,-14.880445,-14.957569,-15.047211,-15.150139,-15.266445,-15.395137,-15.5337305,-15.678032,-15.822448,-15.96109,-16.089533,-16.206295,-16.31297,-16.412848,-16.50917,-16.604168,-16.699163,-16.795107,-16.892992,-16.993958,-17.09918,-17.209688,-17.326193,-17.449018,-17.578104,-17.713018,-17.852966,Shaft
-14.817635,-14.846525,-14.881197,-14.922698,-14.972213,-15.031044,-15.100575,-15.182197,-15.277172,-15.386436,-15.510299,-15.648079,-15.797733,-15.955665,-16.116999,-16.27657,-16.430454,-16.577356,-16.718842,-16.858297,-16.999382,-17.145023,-17.297256,-17.457514,-17.6269,-17.80624,-17.996033,-18.196438,-18.407341,-18.628143,-18.8569,-19.088987,Shaft
-14.817635,-14.846525,-14.881197,-14.922698,-14.972213,-15.031044,-15.100575,-15.182197,-15.277172,-15.386436,-15.510299,-15.648079,-15.797733,-15.955665,-16.116999,-16.27657,-16.430454,-16.577356,-16.718842,-16.858297,-16.999382,-17.145023,-17.297256,-17.457514,-17.6269,-17.80624,-17.996033,-18.196438,-18.407341,-18.628143,-18.8569,-19.088987,Shaft
-14.767925,-14.794556,-14.826545,-14.864884,-14.910707,-14.965286,-15.03002,-15.106386,-15.195884,-15.299909,-15.419593,-15.555587,-15.707805,-15.875218,-16.055769,-16.246536,-16.444204,-16.645666,-16.848507,-17.051115,-17.252447,-17.451777,-17.648602,-17.842741,-18.03444,-18.22437,-18.413523,-18.603096,-18.794472,-18.989336,-19.189793,-19.398354,Soma
-13.41718,-13.434914,-13.456299,-13.482052,-13.513018,-13.550175,-13.594654,-13.647741,-13.710867,-13.785586,-13.873519,-13.976256,-14.095193,-14.231286,-14.384715,-14.554488,-14.738092,-14.931438,-15.129421,-15.327265,-15.52227,-15.714921,-15.908392,-16.106483,-16.310946,-16.519217,-16.723423,-16.911728,-17.072784,-17.201445,-17.301102,-17.380352,Spine
-14.509974,-14.532671,-14.55988,-14.592406,-14.631157,-14.677126,-14.731367,-14.794936,-14.868808,-14.953726,-15.050015,-15.157327,-15.274365,-15.398679,-15.526644,-15.65384,-15.775865,-15.88945,-15.993417,-16.088995,-16.179342,-16.268549,-16.360582,-16.458565,-16.564564,-16.679735,-16.804579,-16.938951,-17.081818,-17.230904,-17.382555,-17.532042,Shaft
-14.28935,-14.299762,-14.31197,-14.326182,-14.3425865,-14.36133,-14.382493,-14.406062,-14.431916,-14.459819,-14.489463,-14.520548,-14.552914,-14.586702,-14.622494,-14.661365,-14.704826,-14.754678,-14.812854,-14.881348,-14.962233,-15.057724,-15.170199,-15.302113,-15.4557295,-15.632601,-15.832689,-16.053074,-16.28645,-16.52024,-16.738077,-16.92497,Spine
-14.269247,-14.286452,-14.307004,-14.331473,-14.360487,-14.394722,-14.434876,-14.481637,-14.535626,-14.597333,-14.667033,-14.744722,-14.8300705,-14.922451,-15.021058,-15.12512,-15.234142,-15.348074,-15.467287,-15.592321,-15.723472,-15.860371,-16.001774,-16.145727,-16.290094,-16.433182,-16.573942,-16.71146,-16.844116,-16.969381,-17.084957,-17.19076,Shaft
-14.70559,-14.71922,-14.735641,-14.755396,-14.779118,-14.807542,-14.841507,-14.881961,-14.929951,-14.986598,-15.053061,-15.130455,-15.219743,-15.321565,-15.436016,-15.562386,-15.698911,-15.842675,-15.989835,-16.136312,-16.278866,-16.416069,-16.548521,-16.678114,-16.806768,-16.935465,-17.063936,-17.190939,-17.31481,-17.434034,-17.547571,-17.654915,Spine
-14.132901,-14.141694,-14.152171,-14.164606,-14.179296,-14.196549,-14.216677,-14.239964,-14.266641,-14.296849,-14.330602,-14.367749,-14.407982,-14.450875,-14.496003,-14.543135,-14.592462,-14.6448,-14.70167,-14.765215,-14.838003,-14.922824,-15.022559,-15.140162,-15.278632,-15.4409,-15.629537,-15.846217,-16.090864,-16.360384,-16.647184,-16.938248,Spine
-14.542389,-14.547614,-14.553904,-14.561462,-14.570532,-14.581393,-14.594373,-14.60985,-14.628262,-14.650112,-14.675985,-14.706555,-14.742615,-14.785086,-14.835057,-14.893797,-14.962756,-15.0435505,-15.137888,-15.247451,-15.373706,-15.517637,-15.6794,-15.857933,-16.050604,-16.253088,-16.459707,-16.664297,-16.861437,-17.04749,-17.220972,-17.38229,Spine
-13.075626,-13.094662,-13.117635,-13.1453285,-13.178671,-13.21875,-13.266835,-13.324394,-13.393106,-13.474866,-13.571766,-13.686065,-13.8201,-13.976142,-14.156137,-14.361284,-14.591378,-14.843894,-15.112909,-15.38836,-15.656657,-15.903786,-16.120472,-16.306257,-16.468912,-16.619623,-16.767761,-16.918177,-17.071075,-17.22327,-17.369783,-17.50565,Spine
-13.863726,-13.889388,-13.920073,-13.956638,-14.000028,-14.05124,-14.11128,-14.181079,-14.261361,-14.352483,-14.454227,-14.565627,-14.684902,-14.809652,-14.937409,-15.066457,-15.196509,-15.32874,-15.464888,-15.605887,-15.750859,-15.897132,-16.041336,-16.180872,-16.31482,-16.44372,-16.568508,-16.689564,-16.806646,-16.91975,-17.03017,-17.14099,Shaft
-13.867909,-13.873998,-13.881323,-13.890123,-13.90068,-13.913318,-13.928419,-13.946425,-13.967851,-13.993291,-14.023448,-14.059152,-14.101391,-14.151365,-14.210536,-14.280682,-14.363953,-14.46291,-14.580529,-14.720174,-14.885485,-15.080163,-15.307502,-15.569511,-15.865364,-16.188992,-16.526375,-16.854946,-17.149446,-17.394472,-17.59273,-17.758966,Spine
-14.764771,-14.789675,-14.819591,-14.855445,-14.898299,-14.949342,-15.009873,-15.081268,-15.164898,-15.262008,-15.373526,-15.499794,-15.640219,-15.792897,-15.954324,-16.119408,-16.282032,-16.436285,-16.578024,-16.705996,-16.82177,-16.928513,-17.029472,-17.127102,-17.22303,-17.318485,-17.414572,-17.51229,-17.61239,-17.715275,-17.820967,-17.929132,Shaft
-13.434752,-13.450588,-13.469717,-13.492806,-13.520646,-13.554177,-13.594505,-13.642933,-13.700982,-13.770416,-13.853274,-13.9518795,-14.068853,-14.20709,-14.369676,-14.559693,-14.779804,-15.031458,-15.313545,-15.62047,-15.940225,-16.254438,-16.543165,-16.793772,-17.006308,-17.189247,-17.351114,-17.496708,-17.6286,-17.749512,-17.862936,-17.972305,Spine
-13.595447,-13.600491,-13.606553,-13.613829,-13.622544,-13.632964,-13.645395,-13.660195,-13.677779,-13.698634,-13.723336,-13.752575,-13.787186,-13.828198,-13.876882,-13.9348,-14.003864,-14.086374,-14.185059,-14.303088,-14.44409,-14.612107,-14.811485,-15.046578,-15.321137,-15.637107,-15.99248,-16.377983,-16.773441,-17.147715,-17.468447,-17.719658,Spine
-15.058699,-15.084463,-15.115329,-15.1522,-15.19608,-15.248065,-15.309294,-15.380881,-15.463802,-15.558722,-15.66576,-15.784236,-15.912416,-16.047445,-16.185575,-16.32284,-16.455986,-16.58322,-16.70431,-16.819956,-16.930996,-17.03798,-17.141273,-17.241394,-17.339184,-17.435692,-17.531849,-17.628183,-17.724707,-17.821028,-17.91657,-18.010849,Shaft
-14.720429,-14.738359,-14.759715,-14.7850485,-14.814955,-14.850047,-14.890926,-14.938127,-14.992048,-15.05287,-15.120462,-15.1943035,-15.273457,-15.356622,-15.442281,-15.528926,-15.615283,-15.700466,-15.78402,-15.865923,-15.946568,-16.02677,-16.107712,-16.190844,-16.277758,-16.370096,-16.469423,-16.577076,-16.694,-16.820654,-16.95698,-17.10241,Shaft
-14.276718,-14.2841215,-14.292971,-14.303516,-14.316035,-14.330827,-14.348206,-14.3684845,-14.391953,-14.418849,-14.449315,-14.483363,-14.520839,-14.561415,-14.60463,-14.650011,-14.697253,-14.74647,-14.798398,-14.854481,-14.916778,-14.98772,-15.06983,-15.165534,-15.277089,-15.406538,-15.555616,-15.725518,-15.916503,-16.12733,-16.354591,-16.592165,Spine
-14.856006,-14.883825,-14.917175,-14.957043,-15.004531,-15.060845,-15.127242,-15.204956,-15.295063,-15.398277,-15.514669,-15.643324,-15.782016,-15.927066,-16.073639,-16.216656,-16.35218,-16.47862,-16.597013,-16.710203,-16.82157,-16.93408,-17.04996,-17.170816,-17.297882,-17.432116,-17.574095,-17.723782,-17.880339,-18.042095,-18.206621,-18.370766,Shaft
-14.522808,-14.546948,-14.575984,-14.610841,-14.652591,-14.702457,-14.761818,-14.832186,-14.915182,-15.012475,-15.125674,-15.256191,-15.405028,-15.572515,-15.757993,-15.959487,-16.173452,-16.394775,-16.617277,-16.834867,-17.04304,-17.239807,-17.425343,-17.600607,-17.766146,-17.921963,-18.068304,-18.206636,-18.34002,-18.472645,-18.608908,-18.752508,Shaft
-14.853926,-14.880073,-14.911487,-14.949144,-14.994166,-15.047814,-15.111478,-15.186643,-15.274825,-15.377477,-15.49583,-15.630706,-15.7822895,-15.949932,-16.132067,-16.326334,-16.529968,-16.740353,-16.95549,-17.174183,-17.395836,-17.619974,-17.845627,-18.070723,-18.291822,-18.504488,-18.704275,-18.888075,-19.055305,-19.208437,-19.352478,-19.49365,Soma
-14.9347105,-14.959058,-14.988211,-15.023014,-15.064409,-15.113416,-15.171096,-15.238492,-15.316523,-15.405841,-15.506636,-15.618423,-15.739854,-15.868663,-16.00187,-16.13629,-16.26924,-16.39907,-16.52517,-16.647354,-16.765093,-16.87711,-16.981672,-17.077402,-17.164083,-17.243042,-17.316908,-17.388948,-17.462322,-17.539642,-17.623032,-17.714544,Shaft
-15.011137,-15.026971,-15.045811,-15.068136,-15.094462,-15.125327,-15.161262,-15.202764,-15.250256,-15.304053,-15.364341,-15.431194,-15.504668,-15.584956,-15.672612,-15.768763,-15.875208,-15.994327,-16.128778,-16.281082,-16.453186,-16.646122,-16.85972,-17.092407,-17.341093,-17.601236,-17.86717,-18.132761,-18.392405,-18.642258,-18.881311,-19.111814,Unsure
-14.1849165,-14.191661,-14.19971,-14.209288,-14.220645,-14.234056,-14.249825,-14.268276,-14.289761,-14.314654,-14.343374,-14.376397,-14.414302,-14.457822,-14.507908,-14.565796,-14.633041,-14.711529,-14.803436,-14.91117,-15.037279,-15.184342,-15.3547735,-15.550456,-15.772071,-16.017939,-16.282377,-16.55401,-16.815607,-17.04801,-17.238369,-17.386822,Spine
-15.022906,-15.045692,-15.072889,-15.105231,-15.14352,-15.188599,-15.241314,-15.302447,-15.372631,-15.452226,-15.541196,-15.638992,-15.744509,-15.856147,-15.972028,-16.090298,-16.209373,-16.327976,-16.444952,-16.559027,-16.66875,-16.772715,-16.86994,-16.960205,-17.044147,-17.123041,-17.198345,-17.271278,-17.34261,-17.412827,-17.482555,-17.55292,Shaft
-13.72016,-13.727544,-13.736455,-13.747197,-13.760134,-13.775693,-13.79438,-13.816795,-13.843638,-13.875738,-13.914071,-13.959791,-14.014269,-14.07914,-14.15635,-14.248215,-14.3574505,-14.487174,-14.640835,-14.822024,-15.034095,-15.279463,-15.558435,-15.867416,-16.196705,-16.529142,-16.84241,-17.117023,-17.345778,-17.535254,-17.698156,-17.845356,Spine
-14.548454,-14.568033,-14.591206,-14.618479,-14.650361,-14.687324,-14.729749,-14.777852,-14.831612,-14.890687,-14.95439,-15.021727,-15.091564,-15.16291,-15.235229,-15.308651,-15.383931,-15.462139,-15.544267,-15.630971,-15.722589,-15.81934,-15.9215355,-16.02966,-16.144255,-16.265633,-16.39352,-16.52677,-16.663359,-16.800728,-16.936392,-17.068539,Spine
-13.588227,-13.597283,-13.608196,-13.621333,-13.637121,-13.656065,-13.678753,-13.705864,-13.738186,-13.776621,-13.822198,-13.876086,-13.939603,-14.014224,-14.101573,-14.203397,-14.321501,-14.457618,-14.613194,-14.7890625,-14.984983,-15.199101,-15.427452,-15.663893,-15.900908,-16.131433,-16.35089,-16.557913,-16.753105,-16.936924,-17.108658,-17.267109,Spine
-14.85704,-14.883042,-14.914273,-14.951696,-14.996417,-15.049672,-15.112819,-15.187293,-15.274547,-15.375931,-15.49254,-15.625002,-15.773238,-15.936265,-16.112118,-16.29802,-16.490833,-16.687681,-16.886456,-17.08599,-17.28591,-17.486359,-17.687826,-17.891083,-18.097147,-18.307224,-18.522558,-18.744287,-18.973381,-19.210682,-19.456978,-19.713001,Soma
-13.847452,-13.866003,-13.888374,-13.91532,-13.947723,-13.986615,-14.033183,-14.088782,-14.154928,-14.233276,-14.325573,-14.43357,-14.558879,-14.702757,-14.865807,-15.047614,-15.246356,-15.458519,-15.67888,-15.900904,-16.117542,-16.322277,-16.510178,-16.678839,-16.828758,-16.962763,-17.084589,-17.197489,-17.303614,-17.40428,-17.500563,-17.593653,Spine
-14.708307,-14.728598,-14.752895,-14.78191,-14.816437,-14.857345,-14.905559,-14.962017,-15.027607,-15.103076,-15.188909,-15.285188,-15.391455,-15.506626,-15.628989,-15.756339,-15.886221,-16.016186,-16.143972,-16.267624,-16.38562,-16.497166,-16.60253,-16.703241,-16.80196,-16.90202,-17.006824,-17.119322,-17.241686,-17.375225,-17.520407,-17.676939,Shaft
-13.684034,-13.720381,-13.764088,-13.816529,-13.879278,-13.954087,-14.042857,-14.147542,-14.269979,-14.4115925,-14.572935,-14.753021,-14.948536,-15.153183,-15.35777,-15.551766,-15.726365,-15.877584,-16.007172,-16.120813,-16.225414,-16.327242,-16.43127,-16.541195,-16.659552,-16.787767,-16.926174,-17.07414,-17.230425,-17.393682,-17.562912,-17.737602,Spine
-14.376254,-14.401346,-14.431308,-14.46695,-14.509157,-14.558851,-14.6169405,-14.684231,-14.761302,-14.848336,-14.944925,-15.049894,-15.161221,-15.276182,-15.391805,-15.505542,-15.615946,-15.722934,-15.827537,-15.931346,-16.036053,-16.143246,-16.254295,-16.370174,-16.491198,-16.616867,-16.745869,-16.876213,-17.00543,-17.13086,-17.250093,-17.361593,Unsure
-14.097421,-14.103548,-14.110954,-14.119902,-14.1307,-14.143723,-14.159409,-14.178281,-14.200954,-14.228156,-14.260737,-14.299692,-14.34618,-14.401546,-14.467336,-14.545316,-14.637464,-14.745944,-14.873032,-15.020967,-15.191689,-15.38642,-15.6050205,-15.84509,-16.100983,-16.363214,-16.6192,-16.856054,-17.064692,-17.242655,-17.393854,-17.525888,Spine
-14.24302,-14.251381,-14.261454,-14.27357,-14.28812,-14.305561,-14.326417,-14.351293,-14.380872,-14.415923,-14.457294,-14.505909,-14.562748,-14.628822,-14.70512,-14.792533,-14.891729,-15.002986,-15.125986,-15.259629,-15.4019575,-15.550321,-15.701892,-15.854466,-16.00721,-16.160793,-16.316574,-16.474928,-16.633654,-16.787477,-16.929451,-17.053846,Spine
-14.679972,-14.687173,-14.695664,-14.705622,-14.717221,-14.73063,-14.745994,-14.763427,-14.783002,-14.8047495,-14.828678,-14.854813,-14.883268,-14.914344,-14.948613,-14.986999,-15.030775,-15.081527,-15.141065,-15.211358,-15.294516,-15.392779,-15.50852,-15.644154,-15.801948,-15.983678,-16.190039,-16.419779,-16.66859,-16.928125,-17.186098,-17.428698,Spine
-14.447979,-14.454874,-14.463178,-14.4731655,-14.485161,-14.499544,-14.516757,-14.537315,-14.56182,-14.590966,-14.625562,-14.66655,-14.71503,-14.772289,-14.839832,-14.919398,-15.012964,-15.122716,-15.25097,-15.400031,-15.5719385,-15.768044,-15.9883375,-16.23044,-16.488392,-16.751736,-17.006142,-17.236868,-17.434404,-17.598276,-17.735474,-17.855343,Spine
-14.85175,-14.88076,-14.915558,-14.957183,-15.006804,-15.065701,-15.13521,-15.216654,-15.311182,-15.419558,-15.541833,-15.676964,-15.822432,-15.974089,-16.126537,-16.274244,-16.413164,-16.541971,-16.661991,-16.775848,-16.885891,-16.993433,-17.09896,-17.202713,-17.305054,-17.406467,-17.507343,-17.60778,-17.707582,-17.80638,-17.903826,-17.99977,Spine
-14.936514,-14.964841,-14.998796,-15.039382,-15.087721,-15.145034,-15.212603,-15.29168,-15.383373,-15.488432,-15.60699,-15.738247,-15.880172,-16.029406,-16.181536,-16.331871,-16.476524,-16.613203,-16.741222,-16.860838,-16.972548,-17.076887,-17.174585,-17.266682,-17.354443,-17.439178,-17.52213,-17.60438,-17.686842,-17.77025,-17.855196,-17.942127,Shaft
-13.231271,-13.244374,-13.260191,-13.279264,-13.302242,-13.329889,-13.363111,-13.40297,-13.450717,-13.507814,-13.575967,-13.657153,-13.753646,-13.868012,-14.003062,-14.161674,-14.346425,-14.558881,-14.798366,-15.060167,-15.333599,-15.601511,-15.844132,-16.047909,-16.213047,-16.351486,-16.477547,-16.600752,-16.724524,-16.848099,-16.968761,-17.083635,Spine
-14.679279,-14.687031,-14.696385,-14.707662,-14.721238,-14.737559,-14.757145,-14.780599,-14.808615,-14.841985,-14.881599,-14.928446,-14.983592,-15.048164,-15.123301,-15.210073,-15.309368,-15.421715,-15.547063,-15.684534,-15.832235,-15.987283,-16.1462,-16.305742,-16.46384,-16.620058,-16.77509,-16.92951,-17.08264,-17.232265,-17.375383,-17.509384,Spine
-13.919575,-13.931142,-13.944974,-13.961458,-13.9810295,-14.004151,-14.031306,-14.062963,-14.099536,-14.141324,-14.188431,-14.240677,-14.297529,-14.358074,-14.421098,-14.485325,-14.549816,-14.614442,-14.680245,-14.7495,-14.825412,-14.911612,-15.011722,-15.129122,-15.266904,-15.427764,-15.613629,-15.824861,-16.058922,-16.308702,-16.56131,-16.799316,Spine
-15.119006,-15.122697,-15.127069,-15.132221,-15.138259,-15.145285,-15.153398,-15.16268,-15.173191,-15.184958,-15.197973,-15.212191,-15.227543,-15.243959,-15.261398,-15.279872,-15.299458,-15.320278,-15.342465,-15.366119,-15.391308,-15.418123,-15.446794,-15.477806,-15.511995,-15.550559,-15.595,-15.647039,-15.70854,-15.781475,-15.867942,-15.970172,Spine
-14.594759,-14.614314,-14.637468,-14.664728,-14.696591,-14.7335005,-14.775771,-14.823489,-14.8763895,-14.933725,-14.994163,-15.05579,-15.116315,-15.173528,-15.22594,-15.2733965,-15.317292,-15.360229,-15.405268,-15.455213,-15.51225,-15.578028,-15.653895,-15.741093,-15.840775,-15.953887,-16.080933,-16.22163,-16.374546,-16.536856,-16.704422,-16.872345,Spine
-15.059384,-15.080432,-15.105661,-15.135822,-15.171755,-15.214384,-15.264693,-15.323675,-15.392253,-15.47116,-15.560764,-15.660847,-15.770357,-15.887206,-16.008219,-16.12938,-16.24644,-16.35578,-16.455105,-16.543701,-16.622112,-16.691633,-16.753939,-16.81094,-16.864676,-16.917152,-16.970123,-17.024897,-17.082222,-17.142319,-17.205055,-17.27023,Shaft
-14.85704,-14.883042,-14.914273,-14.951696,-14.996417,-15.049672,-15.112819,-15.187293,-15.274547,-15.375931,-15.49254,-15.625002,-15.773238,-15.936265,-16.112118,-16.29802,-16.490833,-16.687681,-16.886456,-17.08599,-17.28591,-17.486359,-17.687826,-17.891083,-18.097147,-18.307224,-18.522558,-18.744287,-18.973381,-19.210682,-19.456978,-19.713001,Soma
-14.885283,-14.911412,-14.942805,-14.980444,-15.025448,-15.079082,-15.142739,-15.217909,-15.306115,-15.408812,-15.527232,-15.662183,-15.8138075,-15.981362,-16.163088,-16.356297,-16.557718,-16.764051,-16.972513,-17.1812,-17.389214,-17.596666,-17.804615,-18.01486,-18.229631,-18.451185,-18.681524,-18.9223,-19.174906,-19.44068,-19.721054,-20.01748,Soma
-15.143372,-15.170441,-15.202989,-15.2420435,-15.28879,-15.344567,-15.410863,-15.489276,-15.58146,-15.689008,-15.813285,-15.9552,-16.114912,-16.291536,-16.482964,-16.685919,-16.89642,-17.110537,-17.32518,-17.538496,-17.749718,-17.95874,-18.165813,-18.371578,-18.577341,-18.785297,-18.99848,-19.220392,-19.454462,-19.703543,-19.969616,-20.253683,Soma
-14.842295,-14.870315,-14.90391,-14.9440775,-14.991937,-15.048705,-15.115656,-15.194042,-15.284952,-15.389105,-15.506556,-15.636336,-15.776118,-15.92206,-16.069124,-16.212059,-16.346844,-16.471903,-16.588251,-16.698458,-16.80524,-16.910574,-17.015574,-17.12084,-17.226814,-17.334,-17.443064,-17.554832,-17.67023,-17.790176,-17.915443,-18.04655,Shaft
-14.526771,-14.530079,-14.534041,-14.538775,-14.544415,-14.551113,-14.559038,-14.5683775,-14.579336,-14.59214,-14.607034,-14.624291,-14.644228,-14.66722,-14.693736,-14.724381,-14.75994,-14.801424,-14.85011,-14.907555,-14.975591,-15.056308,-15.152011,-15.265158,-15.398218,-15.553409,-15.732178,-15.934355,-16.156887,-16.392397,-16.628422,-16.849121,Spine
-14.862761,-14.8883915,-14.91919,-14.956123,-15.000296,-15.052954,-15.1154785,-15.189352,-15.276102,-15.377206,-15.493953,-15.627257,-15.777449,-15.94407,-16.125793,-16.320528,-16.525774,-16.739157,-16.958876,-17.183876,-17.41368,-17.64807,-17.886827,-18.129627,-18.376081,-18.625933,-18.879349,-19.137213,-19.401243,-19.673904,-19.958166,-20.257229,Soma
-14.723971,-14.747273,-14.775178,-14.8084955,-14.848132,-14.895074,-14.950356,-15.015008,-15.089962,-15.175925,-15.273199,-15.381473,-15.499611,-15.625513,-15.756141,-15.887799,-16.01667,-16.139471,-16.253996,-16.359365,-16.455954,-16.54505,-16.628403,-16.707706,-16.784172,-16.85819,-16.929192,-16.995842,-17.056667,-17.110886,-17.158941,-17.20241,Shaft
-14.892979,-14.907133,-14.923984,-14.943964,-14.967537,-14.995183,-15.02737,-15.064521,-15.106954,-15.154827,-15.208075,-15.266354,-15.329036,-15.395257,-15.464045,-15.534496,-15.605955,-15.678095,-15.750905,-15.824605,-15.89961,-15.976596,-16.056637,-16.141277,-16.23246,-16.332254,-16.442429,-16.563932,-16.696379,-16.837624,-16.983662,-17.129112,Shaft
-15.0298605,-15.051125,-15.076474,-15.106575,-15.142143,-15.183924,-15.232641,-15.288933,-15.353262,-15.42579,-15.50626,-15.5938835,-15.687312,-15.784741,-15.884188,-15.983876,-16.08262,-16.18,-16.276302,-16.372293,-16.469055,-16.567894,-16.670341,-16.778078,-16.892828,-17.016209,-17.14962,-17.29421,-17.450907,-17.620386,-17.802834,-17.997274,Shaft
-15.18427,-15.198463,-15.215383,-15.235475,-15.259226,-15.287152,-15.319772,-15.357578,-15.400993,-15.450313,-15.505643,-15.566849,-15.633512,-15.70493,-15.78016,-15.858096,-15.937559,-16.017366,-16.096384,-16.173574,-16.248104,-16.319466,-16.387636,-16.453186,-16.517303,-16.581722,-16.64853,-16.719906,-16.797895,-16.884207,-16.980093,-17.086252,Shaft
-14.672674,-14.676501,-14.681103,-14.686624,-14.693235,-14.701139,-14.710565,-14.721778,-14.735084,-14.750835,-14.769436,-14.791357,-14.817142,-14.8474245,-14.882943,-14.924542,-14.973177,-15.029894,-15.095813,-15.172078,-15.259813,-15.360041,-15.473588,-15.600932,-15.742,-15.895905,-16.060713,-16.233315,-16.409565,-16.584751,-16.7543,-16.914589,Spine
-14.811992,-14.830017,-14.851548,-14.877178,-14.907558,-14.94338,-14.98535,-15.034135,-15.090298,-15.154196,-15.225875,-15.304943,-15.390499,-15.481141,-15.575111,-15.670615,-15.766215,-15.861156,-15.955444,-16.04963,-16.144415,-16.240278,-16.337282,-16.435095,-16.533178,-16.631016,-16.728273,-16.824923,-16.921335,-17.018414,-17.11764,-17.22103,Shaft
-14.500154,-14.504242,-14.509171,-14.515104,-14.522239,-14.530801,-14.541059,-14.553319,-14.567941,-14.585331,-14.605956,-14.630346,-14.659103,-14.692906,-14.732524,-14.778824,-14.832776,-14.895456,-14.968034,-15.051746,-15.147865,-15.257641,-15.382224,-15.522559,-15.679204,-15.852039,-16.039806,-16.239487,-16.44567,-16.650341,-16.843895,-17.01788,Spine
-14.862748,-14.889772,-14.922228,-14.961113,-15.007561,-15.062828,-15.128266,-15.205256,-15.295096,-15.398809,-15.516868,-15.648816,-15.792842,-15.945443,-16.101473,-16.254883,-16.400232,-16.534399,-16.657364,-16.771513,-16.879995,-16.985367,-17.089153,-17.19204,-17.294207,-17.39555,-17.495825,-17.59477,-17.692247,-17.78837,-17.883633,-17.978994,Shaft
-13.5556755,-13.584752,-13.619753,-13.661808,-13.712223,-13.772485,-13.844253,-13.929322,-14.029545,-14.146693,-14.282217,-14.436887,-14.610303,-14.800323,-15.002593,-15.21056,-15.416352,-15.612614,-15.794443,-15.960153,-16.110344,-16.246248,-16.368608,-16.477478,-16.572565,-16.65378,-16.721876,-16.778837,-16.827671,-16.871637,-16.913422,-16.954887,Spine
-14.142431,-14.159906,-14.180917,-14.206125,-14.236294,-14.27229,-14.315071,-14.365671,-14.425157,-14.494545,-14.574685,-14.666059,-14.768507,-14.880885,-15.000688,-15.123821,-15.2448015,-15.357694,-15.457836,-15.543678,-15.617609,-15.685098,-15.752768,-15.826684,-15.911645,-16.011332,-16.128761,-16.266586,-16.427084,-16.61183,-16.821054,-17.052689,Spine
-14.796193,-14.827161,-14.864291,-14.908683,-14.961562,-15.024256,-15.098137,-15.184515,-15.28446,-15.398532,-15.526403,-15.666411,-15.815172,-15.967538,-16.117281,-16.258654,-16.388329,-16.506493,-16.616266,-16.721865,-16.826866,-16.933441,-17.042393,-17.153463,-17.265593,-17.377247,-17.486866,-17.593454,-17.696968,-17.798296,-17.898796,-17.999716,Shaft
-14.615088,-14.619374,-14.624509,-14.630647,-14.637963,-14.646659,-14.656958,-14.669109,-14.683393,-14.700111,-14.7196045,-14.742251,-14.768484,-14.798807,-14.833819,-14.874245,-14.920943,-14.974934,-15.037385,-15.109597,-15.192956,-15.288842,-15.398483,-15.522709,-15.661616,-15.814169,-15.977865,-16.148672,-16.321512,-16.491455,-16.655275,-16.812563,Spine
-14.472323,-14.485978,-14.502272,-14.52165,-14.544601,-14.571653,-14.603355,-14.640263,-14.682899,-14.731741,-14.787182,-14.84953,-14.9190445,-14.996009,-15.080867,-15.174354,-15.277589,-15.392026,-15.519219,-15.660419,-15.81605,-15.98511,-16.164581,-16.349018,-16.530794,-16.701557,-16.854982,-16.98948,-17.108755,-17.21948,-17.327818,-17.437151,Shaft
-14.424215,-14.457144,-14.496654,-14.543927,-14.600292,-14.6671915,-14.746119,-14.838508,-14.945526,-15.067764,-15.204783,-15.354568,-15.513037,-15.673995,-15.830039,-15.9746475,-16.104685,-16.2216,-16.330248,-16.43622,-16.54366,-16.65457,-16.76926,-16.887047,-17.006788,-17.12728,-17.247526,-17.366848,-17.48482,-17.60121,-17.716105,-17.83024,Shaft
-14.7564125,-14.7723,-14.791279,-14.813878,-14.840679,-14.872309,-14.909416,-14.952642,-15.002563,-15.059631,-15.124085,-15.19587,-15.274559,-15.359314,-15.448924,-15.541909,-15.636707,-15.731881,-15.826305,-15.919271,-16.01051,-16.100128,-16.188538,-16.27648,-16.36511,-16.45603,-16.55107,-16.651844,-16.759268,-16.873272,-16.992859,-17.116537,Shaft
-14.958353,-14.976064,-14.997321,-15.022777,-15.053177,-15.08936,-15.132252,-15.182848,-15.242184,-15.311281,-15.391076,-15.482319,-15.585447,-15.70044,-15.826661,-15.96268,-16.10611,-16.253475,-16.40023,-16.541134,-16.671185,-16.78703,-16.888222,-16.977448,-17.059357,-17.138712,-17.218962,-17.301847,-17.38783,-17.476763,-17.568344,-17.662243,Neck
-14.683267,-14.700114,-14.72026,-14.744271,-14.772784,-14.806488,-14.8461075,-14.892374,-14.945977,-15.007505,-15.077373,-15.155742,-15.242474,-15.337118,-15.438975,-15.547226,-15.6611,-15.779999,-15.90351,-16.03129,-16.162882,-16.297539,-16.434156,-16.571302,-16.707354,-16.840672,-16.9698,-17.09361,-17.211342,-17.322613,-17.427519,-17.52675,Shaft
-15.245625,-15.261452,-15.280342,-15.30281,-15.329416,-15.360762,-15.397458,-15.440094,-15.489184,-15.545099,-15.607993,-15.67773,-15.753838,-15.83552,-15.921745,-16.011414,-16.10355,-16.197466,-16.292807,-16.389503,-16.487667,-16.587482,-16.689148,-16.792841,-16.898718,-17.006952,-17.117775,-17.23152,-17.348621,-17.469612,-17.595068,-17.725515,Shaft
-13.672671,-13.679575,-13.687888,-13.697885,-13.709886,-13.72427,-13.741479,-13.762023,-13.786502,-13.815608,-13.850152,-13.891088,-13.939541,-13.99686,-14.064658,-14.144876,-14.23983,-14.352251,-14.485291,-14.642473,-14.827557,-15.04422,-15.295463,-15.582491,-15.902818,-16.247492,-16.598412,-16.929207,-17.214415,-17.443762,-17.626709,-17.781414,Spine
-13.605007,-13.616347,-13.630036,-13.646543,-13.666422,-13.690329,-13.719028,-13.753415,-13.794516,-13.843507,-13.90172,-13.970638,-14.051898,-14.147267,-14.258622,-14.387897,-14.537007,-14.707718,-14.901391,-15.11853,-15.358003,-15.615889,-15.884255,-16.15081,-16.400959,-16.62276,-16.81195,-16.972584,-17.112844,-17.240257,-17.359612,-17.473366,Spine
-14.844307,-14.869909,-14.900654,-14.937487,-14.981489,-15.033873,-15.095961,-15.169156,-15.254865,-15.354396,-15.468801,-15.598671,-15.743913,-15.903566,-16.075745,-16.25781,-16.446836,-16.640182,-16.83598,-17.033241,-17.231688,-17.431448,-17.63291,-17.836689,-18.043705,-18.255224,-18.472885,-18.698671,-18.934835,-19.18378,-19.447859,-19.728914,Soma
-13.676299,-13.691936,-13.710798,-13.733525,-13.760868,-13.793706,-13.833056,-13.880086,-13.936111,-14.002588,-14.081086,-14.173228,-14.280597,-14.404585,-14.5461855,-14.705726,-14.882572,-15.074917,-15.279785,-15.493426,-15.712043,-15.932475,-16.152285,-16.369074,-16.579805,-16.781128,-16.970798,-17.148813,-17.316866,-17.476551,-17.628023,-17.77029,Spine
-14.872233,-14.8980255,-14.929011,-14.966154,-15.010554,-15.063454,-15.126217,-15.200298,-15.287179,-15.388262,-15.50472,-15.637286,-15.786023,-15.950086,-16.127598,-16.31572,-16.510948,-16.709618,-16.908356,-17.104387,-17.2957,-17.481245,-17.661146,-17.836731,-18.01015,-18.183723,-18.359232,-18.53758,-18.71886,-18.902834,-19.089592,-19.280094,Soma
-14.85175,-14.88076,-14.915558,-14.957183,-15.006804,-15.065701,-15.13521,-15.216654,-15.311182,-15.419558,-15.541833,-15.676964,-15.822432,-15.974089,-16.126537,-16.274244,-16.413164,-16.541971,-16.661991,-16.775848,-16.885891,-16.993433,-17.09896,-17.202713,-17.305054,-17.406467,-17.507343,-17.60778,-17.707582,-17.80638,-17.903826,-17.99977,Shaft
-14.120719,-14.127269,-14.135153,-14.144627,-14.1559925,-14.169601,-14.185862,-14.205242,-14.228282,-14.255592,-14.287873,-14.325912,-14.370602,-14.422936,-14.484024,-14.5550785,-14.637397,-14.732337,-14.841269,-14.965508,-15.106201,-15.264077,-15.438995,-15.629215,-15.830487,-16.035433,-16.23413,-16.41675,-16.577648,-16.71812,-16.845257,-16.967846,Spine
-14.8603735,-14.886021,-14.916819,-14.953717,-14.997801,-15.0502825,-15.112492,-15.185837,-15.271732,-15.3715,-15.486211,-15.6164875,-15.762293,-15.922756,-16.096138,-16.280031,-16.471827,-16.669289,-16.870974,-17.076256,-17.285017,-17.497244,-17.71278,-17.931288,-18.152369,-18.375732,-18.601341,-18.82949,-19.060753,-19.295816,-19.53524,-19.779099,Soma
-14.879538,-14.905242,-14.936128,-14.973159,-15.017442,-15.07022,-15.132871,-15.206863,-15.293707,-15.394846,-15.511515,-15.644538,-15.794105,-15.959548,-16.139229,-16.330618,-16.530617,-16.73605,-16.944103,-17.15253,-17.35966,-17.564415,-17.76649,-17.966593,-18.16649,-18.368803,-18.576574,-18.792847,-19.020393,-19.261677,-19.518835,-19.793507,Soma
-13.732051,-13.740452,-13.750462,-13.762345,-13.77639,-13.792898,-13.812177,-13.834522,-13.860194,-13.889393,-13.922236,-13.95875,-13.998884,-14.042585,-14.08991,-14.141203,-14.197282,-14.25958,-14.330171,-14.411671,-14.507065,-14.61954,-14.752393,-14.908973,-15.092587,-15.306238,-15.552062,-15.830328,-16.137804,-16.465488,-16.7965,-17.106646,Spine
-13.496915,-13.510344,-13.526561,-13.546127,-13.569712,-13.598106,-13.632246,-13.673233,-13.72236,-13.7811365,-13.851322,-13.934954,-14.034373,-14.152245,-14.291537,-14.455441,-14.647163,-14.869504,-15.1241255,-15.410367,-15.723603,-16.053446,-16.382942,-16.690796,-16.957806,-17.174532,-17.343977,-17.477423,-17.588049,-17.686758,-17.78097,-17.875061,Spine
-14.2694435,-14.284707,-14.302835,-14.324267,-14.349464,-14.378886,-14.41296,-14.452032,-14.49631,-14.545793,-14.600209,-14.658986,-14.721261,-14.785991,-14.852135,-14.918894,-14.985933,-15.053503,-15.122433,-15.1940155,-15.269843,-15.351638,-15.441087,-15.539696,-15.648624,-15.768425,-15.898656,-16.037403,-16.181023,-16.324545,-16.46312,-16.594206,Shaft
-14.683964,-14.700832,-14.720964,-14.744909,-14.773264,-14.8066635,-14.845756,-14.891154,-14.943386,-15.002812,-15.069541,-15.143349,-15.223631,-15.309427,-15.399539,-15.492752,-15.588094,-15.685025,-15.783488,-15.8838005,-15.986465,-16.091995,-16.200787,-16.313036,-16.428625,-16.54694,-16.666712,-16.785925,-16.901894,-17.011507,-17.111631,-17.199718,Shaft
-13.170976,-13.180088,-13.190999,-13.204033,-13.219561,-13.238004,-13.25984,-13.285605,-13.315906,-13.351428,-13.392966,-13.441453,-13.498014,-13.564032,-13.641202,-13.731592,-13.83765,-13.962184,-14.108273,-14.279102,-14.477664,-14.706196,-14.965197,-15.251864,-15.558058,-15.868673,-16.162773,-16.419933,-16.629396,-16.79342,-16.921345,-17.022108,Spine
-14.267751,-14.273824,-14.281138,-14.289934,-14.300496,-14.313153,-14.32829,-14.346351,-14.367844,-14.393351,-14.4235325,-14.459138,-14.501009,-14.550094,-14.60744,-14.674191,-14.751556,-14.84074,-14.94285,-15.058736,-15.188795,-15.332695,-15.489047,-15.655058,-15.8263,-15.996863,-16.160118,-16.310041,-16.442564,-16.556278,-16.652344,-16.734007,Spine
-14.808482,-14.835038,-14.866961,-14.905253,-14.95107,-15.005717,-15.070641,-15.147396,-15.237591,-15.342781,-15.464319,-15.603146,-15.759536,-15.932856,-16.121405,-16.322474,-16.532686,-16.748554,-16.967052,-17.185925,-17.403711,-17.619658,-17.833658,-18.046242,-18.258415,-18.471395,-18.68633,-18.904148,-19.12552,-19.350758,-19.579464,-19.810047,Soma
-14.401559,-14.405848,-14.411033,-14.417296,-14.424858,-14.433976,-14.44496,-14.458172,-14.47404,-14.493062,-14.515817,-14.542971,-14.575283,-14.613608,-14.658899,-14.712193,-14.774599,-14.847276,-14.931384,-15.028035,-15.138209,-15.262644,-15.401686,-15.555126,-15.722074,-15.900976,-16.089867,-16.286758,-16.489887,-16.6974,-16.906578,-17.113356,Spine
-13.603112,-13.631559,-13.66575,-13.706752,-13.755788,-13.814226,-13.883561,-13.965359,-14.061157,-14.17231,-14.299739,-14.443615,-14.602997,-14.775553,-14.957581,-15.1445265,-15.331973,-15.516532,-15.695847,-15.867557,-16.028328,-16.174448,-16.304089,-16.41926,-16.525507,-16.629599,-16.737188,-16.85173,-16.974554,-17.105324,-17.242481,-17.383694,Spine
-13.520673,-13.532209,-13.546144,-13.562956,-13.5832205,-13.607613,-13.636925,-13.672082,-13.714154,-13.76436,-13.824073,-13.894807,-13.978184,-14.0758705,-14.189467,-14.320329,-14.469307,-14.636403,-14.820387,-15.018481,-15.226362,-15.438737,-15.650602,-15.85872,-16.062233,-16.261536,-16.455614,-16.639507,-16.804167,-16.940088,-17.04308,-17.11728,Spine
-14.976052,-14.995001,-15.017598,-15.044443,-15.076189,-15.113517,-15.157107,-15.207583,-15.265446,-15.330977,-15.404155,-15.484565,-15.571386,-15.663458,-15.759451,-15.858108,-15.958437,-16.05976,-16.161617,-16.2637,-16.365894,-16.468435,-16.571882,-16.67685,-16.783634,-16.892082,-17.0018,-17.112514,-17.224308,-17.337635,-17.45318,-17.571686,Shaft
-14.885318,-14.910619,-14.941,-14.977398,-15.020878,-15.072638,-15.133984,-15.206299,-15.290975,-15.389304,-15.502326,-15.630627,-15.774117,-15.93184,-16.101894,-16.281582,-16.4678,-16.65758,-16.848524,-17.038975,-17.227934,-17.414898,-17.599789,-17.782898,-17.96483,-18.146393,-18.328545,-18.512428,-18.699501,-18.891663,-19.091328,-19.30137,Soma
-14.849583,-14.875201,-14.905967,-14.94283,-14.986874,-15.039313,-15.1014805,-15.174785,-15.260646,-15.36039,-15.47509,-15.605367,-15.7511635,-15.91156,-16.084707,-16.268011,-16.458574,-16.65379,-16.851837,-17.051825,-17.253586,-17.45737,-17.663576,-17.872622,-18.084915,-18.30085,-18.520798,-18.745087,-18.973907,-19.207266,-19.445017,-19.687057,Soma
-14.848189,-14.874002,-14.905004,-14.94215,-14.986537,-15.039391,-15.102055,-15.175953,-15.262522,-15.363098,-15.4787655,-15.610146,-15.757167,-15.918866,-16.093323,-16.277819,-16.469294,-16.664923,-16.86262,-17.061172,-17.260084,-17.459316,-17.65913,-17.860039,-18.062765,-18.268192,-18.477247,-18.690828,-18.909777,-19.135,-19.367682,-19.609512,Soma
-14.8603735,-14.886021,-14.916819,-14.953717,-14.997801,-15.0502825,-15.112492,-15.185837,-15.271732,-15.3715,-15.486211,-15.6164875,-15.762293,-15.922756,-16.096138,-16.280031,-16.471827,-16.669289,-16.870974,-17.076256,-17.285017,-17.497244,-17.71278,-17.931288,-18.152369,-18.375732,-18.601341,-18.82949,-19.060753,-19.295816,-19.53524,-19.779099,Soma
-14.837444,-14.863788,-14.895444,-14.933406,-14.978809,-15.032939,-15.097212,-15.17315,-15.262321,-15.366235,-15.486198,-15.62312,-15.777279,-15.9481125,-16.134113,-16.332914,-16.541647,-16.75742,-16.977695,-17.200323,-17.423216,-17.644016,-17.8601,-18.069126,-18.269985,-18.463661,-18.653444,-18.844345,-19.042059,-19.252022,-19.478827,-19.725979,Soma
-14.502289,-14.506804,-14.51223,-14.518737,-14.526525,-14.53582,-14.5468855,-14.560016,-14.5755415,-14.593833,-14.615294,-14.640379,-14.66958,-14.703453,-14.742616,-14.787766,-14.839702,-14.8993225,-14.967646,-15.0458,-15.13501,-15.236524,-15.351492,-15.480748,-15.624531,-15.782218,-15.952216,-16.132116,-16.319124,-16.510536,-16.703821,-16.895979,Spine
-13.763361,-13.786558,-13.814454,-13.847932,-13.888016,-13.935873,-13.992814,-14.060277,-14.1398,-14.2329645,-14.341305,-14.466188,-14.608643,-14.76915,-14.947381,-15.141876,-15.349622,-15.565584,-15.782445,-15.991143,-16.182896,-16.352285,-16.499397,-16.628958,-16.747162,-16.858915,-16.967176,-17.073807,-17.1805,-17.289034,-17.401073,-17.517883,Spine
-13.614264,-13.62602,-13.640213,-13.657325,-13.67793,-13.702705,-13.732436,-13.768037,-13.81055,-13.861153,-13.921153,-13.991959,-14.075045,-14.171869,-14.283762,-14.411754,-14.556359,-14.717333,-14.8934555,-15.08245,-15.281145,-15.485886,-15.692996,-15.898915,-16.099815,-16.291197,-16.46839,-16.628298,-16.771101,-16.900265,-17.02076,-17.136915,Spine
-14.693265,-14.718945,-14.74978,-14.786718,-14.830843,-14.883365,-14.945606,-15.018968,-15.104852,-15.204561,-15.319138,-15.449171,-15.594582,-15.754457,-15.927033,-16.109915,-16.300556,-16.496851,-16.69753,-16.902168,-17.110844,-17.323795,-17.541267,-17.763535,-17.99091,-18.223515,-18.460938,-18.702074,-18.945467,-19.189964,-19.43536,-19.682713,Soma
-14.51892,-14.550192,-14.587685,-14.632505,-14.685894,-14.749191,-14.823787,-14.9110155,-15.011985,-15.127314,-15.256773,-15.398857,-15.550419,-15.706618,-15.861532,-16.00957,-16.147236,-16.274199,-16.392859,-16.506807,-16.619322,-16.732618,-16.847807,-16.965101,-17.084057,-17.203787,-17.323135,-17.440853,-17.555828,-17.667324,-17.775076,-17.879103,Shaft
-13.135429,-13.1481495,-13.163457,-13.181848,-13.203894,-13.230249,-13.261653,-13.29892,-13.342918,-13.394541,-13.454639,-13.523943,-13.602944,-13.6917715,-13.790085,-13.897069,-14.0116005,-14.132691,-14.260143,-14.395214,-14.540927,-14.70176,-14.882789,-15.088598,-15.322249,-15.584198,-15.870871,-16.17291,-16.474308,-16.7551,-16.99908,-17.20177,Spine
-14.984607,-15.003171,-15.025335,-15.051708,-15.082951,-15.119767,-15.162872,-15.212939,-15.270532,-15.336008,-15.409413,-15.490371,-15.57801,-15.670993,-15.767666,-15.866358,-15.965731,-16.065058,-16.164265,-16.26372,-16.363878,-16.464935,-16.566647,-16.66832,-16.768969,-16.867525,-16.963028,-17.054844,-17.142942,-17.228144,-17.31217,-17.397377,Shaft
-14.361068,-14.372024,-14.385025,-14.400379,-14.418407,-14.439428,-14.463733,-14.4915495,-14.523007,-14.558089,-14.596595,-14.638135,-14.682165,-14.728093,-14.775455,-14.824105,-14.874358,-14.926974,-14.982953,-15.043214,-15.108296,-15.178238,-15.252678,-15.331125,-15.4133,-15.499411,-15.5902815,-15.687213,-15.791633,-15.904637,-16.026585,-16.156765,Spine
-13.83157,-13.847441,-13.866303,-13.888616,-13.914856,-13.9454975,-13.980963,-14.0215645,-14.067426,-14.118387,-14.173921,-14.233086,-14.294585,-14.356986,-14.41912,-14.480583,-14.542161,-14.605927,-14.674954,-14.752768,-14.842849,-14.948407,-15.072399,-15.217628,-15.386711,-15.581834,-15.804174,-16.05288,-16.323507,-16.606188,-16.884817,-17.139763,Spine
-14.401944,-14.425579,-14.453799,-14.487375,-14.527142,-14.573977,-14.628756,-14.692269,-14.765126,-14.847603,-14.939489,-15.0399475,-15.147472,-15.260034,-15.375469,-15.492073,-15.609122,-15.7270355,-15.847002,-15.970286,-16.097572,-16.228682,-16.36268,-16.498276,-16.63427,-16.769846,-16.904484,-17.03756,-17.16792,-17.293837,-17.413486,-17.525732,Spine
-14.59052,-14.605182,-14.6226,-14.643202,-14.66744,-14.695776,-14.72865,-14.766451,-14.809469,-14.857858,-14.911597,-14.970499,-15.034263,-15.102587,-15.175346,-15.252755,-15.335442,-15.424377,-15.520642,-15.625112,-15.738178,-15.859613,-15.988593,-16.123842,-16.263767,-16.406425,-16.549269,-16.688879,-16.821224,-16.942753,-17.051903,-17.149942,Spine
-14.52953,-14.552401,-14.579725,-14.612258,-14.6508255,-14.696309,-14.749603,-14.811552,-14.882861,-14.963968,-15.054901,-15.155131,-15.263478,-15.378118,-15.496764,-15.616991,-15.736604,-15.853904,-15.967774,-16.077662,-16.183558,-16.286009,-16.386051,-16.485115,-16.584911,-16.687294,-16.794025,-16.906446,-17.025152,-17.14988,-17.279518,-17.412186,Shaft
-14.614357,-14.617448,-14.621162,-14.625617,-14.630952,-14.637328,-14.644934,-14.65399,-14.664755,-14.677533,-14.692689,-14.710658,-14.731973,-14.757278,-14.787358,-14.823154,-14.865785,-14.9165535,-14.976966,-15.048736,-15.133784,-15.234209,-15.352187,-15.489767,-15.648455,-15.828529,-16.028004,-16.24135,-16.458557,-16.665781,-16.848927,-16.999342,Spine
-13.703882,-13.708782,-13.714641,-13.721628,-13.729939,-13.739793,-13.751435,-13.765146,-13.781239,-13.800073,-13.82207,-13.847741,-13.877716,-13.912794,-13.953995,-14.002601,-14.060208,-14.128745,-14.2105055,-14.308169,-14.424837,-14.564041,-14.729702,-14.925954,-15.156743,-15.42499,-15.731028,-16.069967,-16.428131,-16.780697,-17.096107,-17.350784,Spine
-13.850117,-13.875601,-13.906287,-13.943174,-13.987419,-14.040347,-14.103446,-14.178347,-14.266763,-14.37039,-14.490721,-14.628763,-14.784633,-14.957045,-15.142819,-15.3366785,-15.531761,-15.721127,-15.899836,-16.066284,-16.2216,-16.367512,-16.504505,-16.63167,-16.748032,-16.853926,-16.951431,-17.043861,-17.134956,-17.228159,-17.326174,-17.430761,Spine
-14.524014,-14.538343,-14.555581,-14.5762825,-14.60109,-14.630741,-14.666071,-14.708009,-14.757567,-14.81582,-14.883853,-14.962719,-15.05334,-15.15642,-15.272324,-15.400958,-15.541678,-15.693197,-15.853548,-16.020092,-16.189602,-16.358479,-16.523134,-16.680487,-16.828434,-16.96606,-17.09342,-17.211025,-17.319534,-17.419928,-17.513828,-17.603397,Spine
-15.113708,-15.134212,-15.158661,-15.187704,-15.222047,-15.26243,-15.309595,-15.364233,-15.426915,-15.498005,-15.577571,-15.66532,-15.760574,-15.862329,-15.96937,-16.080397,-16.194006,-16.308496,-16.42153,-16.529936,-16.629976,-16.718231,-16.79283,-16.854357,-16.905752,-16.951134,-16.994307,-17.03778,-17.082691,-17.129234,-17.177137,-17.2259,Shaft
-14.964083,-14.98998,-15.021079,-15.058342,-15.10286,-15.155861,-15.218683,-15.292741,-15.37945,-15.480114,-15.595752,-15.726883,-15.873276,-16.033731,-16.206007,-16.387007,-16.573275,-16.761684,-16.950014,-17.137156,-17.322933,-17.507776,-17.692451,-17.87786,-18.06486,-18.254124,-18.446053,-18.64076,-18.838074,-19.037569,-19.238764,-19.44157,Soma
-15.3101845,-15.329423,-15.35237,-15.379639,-15.411891,-15.4498205,-15.494112,-15.545387,-15.604119,-15.6705265,-15.744454,-15.825259,-15.911754,-16.002258,-16.094818,-16.187578,-16.279198,-16.369144,-16.45772,-16.545776,-16.634314,-16.724098,-16.81547,-16.908318,-17.00216,-17.096218,-17.189518,-17.281067,-17.370155,-17.45665,-17.541075,-17.624405,Shaft
-14.607681,-14.615334,-14.624523,-14.635536,-14.648702,-14.664394,-14.683037,-14.705094,-14.731072,-14.761504,-14.79694,-14.837924,-14.884977,-14.938574,-14.999127,-15.066986,-15.142448,-15.225803,-15.317377,-15.41758,-15.526913,-15.645915,-15.775059,-15.91462,-16.064608,-16.224735,-16.394428,-16.572699,-16.757854,-16.947113,-17.13647,-17.32108,Spine
-13.4019985,-13.415825,-13.432538,-13.452726,-13.477089,-13.506457,-13.54181,-13.584298,-13.635257,-13.696225,-13.768943,-13.855343,-13.9574995,-14.077519,-14.217352,-14.378424,-14.561056,-14.763557,-14.981028,-15.204212,-15.419522,-15.6119,-15.770947,-15.896621,-15.998956,-16.091778,-16.186327,-16.28891,-16.401836,-16.525164,-16.657818,-16.798107,Spine
-13.248542,-13.277132,-13.311576,-13.353003,-13.402726,-13.462256,-13.533292,-13.617702,-13.717458,-13.834517,-13.970593,-14.126809,-14.303165,-14.497847,-14.706507,-14.921908,-15.134543,-15.334677,-15.515143,-15.673025,-15.808892,-15.924816,-16.023428,-16.108381,-16.184523,-16.256744,-16.328463,-16.401041,-16.474405,-16.548113,-16.622183,-16.69739,Spine
-13.474391,-13.483597,-13.494729,-13.508183,-13.52443,-13.544036,-13.567669,-13.596127,-13.630348,-13.67144,-13.720698,-13.779626,-13.849958,-13.9336605,-14.032917,-14.150067,-14.287478,-14.447292,-14.631008,-14.838841,-15.068852,-15.316036,-15.571888,-15.825375,-16.065865,-16.28688,-16.487793,-16.671976,-16.843578,-17.005714,-17.16033,-17.308239,Spine
-14.213907,-14.236319,-14.26323,-14.295471,-14.333982,-14.379816,-14.4341135,-14.498069,-14.572847,-14.659478,-14.758669,-14.870579,-14.994553,-15.128883,-15.270754,-15.416518,-15.562428,-15.705651,-15.845098,-15.981521,-16.116768,-16.2526,-16.389736,-16.527563,-16.66444,-16.798256,-16.926842,-17.0482,-17.160719,-17.263432,-17.356277,-17.440264,Spine
-14.091108,-14.099154,-14.108862,-14.12056,-14.134641,-14.151564,-14.171868,-14.196184,-14.225238,-14.259871,-14.301044,-14.349854,-14.407541,-14.475496,-14.55527,-14.648553,-14.757144,-14.882868,-15.027423,-15.192153,-15.377707,-15.583591,-15.807626,-16.045336,-16.289526,-16.530521,-16.757744,-16.962605,-17.141245,-17.295153,-17.429523,-17.550926,Spine
-13.813458,-13.828144,-13.845861,-13.867212,-13.892906,-13.923775,-13.96079,-14.005073,-14.057908,-14.120746,-14.195199,-14.283025,-14.386077,-14.506229,-14.645229,-14.8044615,-14.984575,-15.184945,-15.402996,-15.633552,-15.86866,-16.098465,-16.313433,-16.50709,-16.677565,-16.826998,-16.959822,-17.081308,-17.19658,-17.30974,-17.423285,-17.538197,Spine
-14.309766,-14.314054,-14.319231,-14.32548,-14.333014,-14.342085,-14.352996,-14.366102,-14.381822,-14.400649,-14.4231615,-14.45004,-14.482082,-14.520224,-14.565559,-14.619364,-14.683106,-14.758457,-14.847256,-14.951455,-15.072989,-15.213559,-15.3743,-15.555317,-15.755103,-15.969941,-16.193594,-16.417753,-16.633696,-16.834856,-17.019037,-17.188757,Spine
-14.8521,-14.8811,-14.915727,-14.956916,-15.005675,-15.0630455,-15.130023,-15.20744,-15.29579,-15.394985,-15.504096,-15.621113,-15.7429085,-15.865579,-15.985253,-16.099192,-16.206583,-16.30851,-16.40709,-16.504396,-16.601881,-16.700369,-16.800333,-16.902163,-17.006342,-17.113543,-17.224646,-17.340614,-17.462276,-17.590067,-17.723827,-17.862701,Shaft
-13.359828,-13.372254,-13.3870735,-13.404685,-13.425534,-13.450106,-13.478916,-13.5125065,-13.551438,-13.596291,-13.647678,-13.706302,-13.773027,-13.849015,-13.935866,-14.035764,-14.151541,-14.286662,-14.445087,-14.6310625,-14.848818,-15.102095,-15.393281,-15.721809,-16.081478,-16.456972,-16.822084,-17.145443,-17.406149,-17.606112,-17.763405,-17.896196,Spine
-13.416645,-13.431652,-13.449766,-13.471609,-13.497916,-13.529552,-13.567534,-13.613042,-13.667438,-13.732277,-13.809315,-13.900499,-14.007942,-14.133855,-14.280422,-14.449569,-14.642539,-14.859229,-15.097179,-15.350342,-15.608178,-15.85636,-16.080494,-16.272087,-16.432362,-16.570127,-16.695923,-16.817602,-16.939365,-17.062725,-17.18768,-17.313538,Spine
-13.843515,-13.852252,-13.862807,-13.875546,-13.890907,-13.909404,-13.931644,-13.958339,-13.990309,-14.028503,-14.0739975,-14.127995,-14.191818,-14.266882,-14.354642,-14.4565115,-14.573724,-14.707127,-14.856897,-15.022196,-15.2008,-15.388885,-15.581135,-15.77136,-15.953584,-16.12322,-16.27781,-16.416908,-16.54125,-16.651693,-16.748817,-16.833284,Spine
-14.744266,-14.75528,-14.768343,-14.783758,-14.801841,-14.822891,-14.847174,-14.87487,-14.906032,-14.940512,-14.977907,-15.017516,-15.058341,-15.099165,-15.138722,-15.1759405,-15.210182,-15.241387,-15.270046,-15.29701,-15.323249,-15.34967,-15.377089,-15.406305,-15.438228,-15.473939,-15.514706,-15.56192,-15.617041,-15.681533,-15.756823,-15.844216,Spine
-13.23157,-13.251561,-13.275634,-13.304572,-13.339288,-13.38083,-13.430385,-13.489266,-13.558888,-13.640708,-13.736122,-13.846308,-13.971995,-14.113153,-14.268641,-14.435904,-14.61089,-14.788447,-14.963314,-15.131493,-15.291323,-15.443548,-15.590318,-15.733813,-15.87527,-16.014704,-16.151268,-16.284046,-16.412987,-16.539309,-16.664938,-16.791178,Spine
-14.5581665,-14.569272,-14.582535,-14.598321,-14.617037,-14.639124,-14.665042,-14.69526,-14.730226,-14.770337,-14.815916,-14.867181,-14.924248,-14.987157,-15.055936,-15.13067,-15.211542,-15.29876,-15.392327,-15.491669,-15.595242,-15.700329,-15.803243,-15.900077,-15.987912,-16.065996,-16.136194,-16.202301,-16.2686,-16.338491,-16.413836,-16.494951,Shaft
-13.7429,-13.75523,-13.770106,-13.788034,-13.809613,-13.8355465,-13.866657,-13.903899,-13.948373,-14.001335,-14.0641985,-14.1385355,-14.226052,-14.328549,-14.447832,-14.585558,-14.742988,-14.920615,-15.117685,-15.331689,-15.558057,-15.790371,-16.021236,-16.243414,-16.450336,-16.635704,-16.793592,-16.920605,-17.018768,-17.095669,-17.161,-17.222683,Spine
-13.823304,-13.8382845,-13.856116,-13.8772545,-13.902183,-13.931397,-13.965378,-14.004538,-14.049165,-14.099356,-14.1549425,-14.215449,-14.280115,-14.348021,-14.41834,-14.490687,-14.565447,-14.64393,-14.728274,-14.821092,-14.925034,-15.042412,-15.174932,-15.323504,-15.488075,-15.66747,-15.859357,-16.060463,-16.26713,-16.476,-16.684418,-16.89021,Spine
-14.654168,-14.658061,-14.6627245,-14.668298,-14.674942,-14.682842,-14.692208,-14.703279,-14.716327,-14.731666,-14.7496605,-14.770744,-14.795435,-14.824362,-14.85829,-14.898136,-14.944985,-15.000094,-15.064892,-15.140984,-15.230152,-15.334343,-15.455616,-15.596031,-15.757421,-15.940984,-16.146631,-16.372019,-16.611406,-16.85491,-17.089266,-17.3011,Spine
-14.529064,-14.5498,-14.57461,-14.604203,-14.639372,-14.680974,-14.729909,-14.787077,-14.853304,-14.929259,-15.015332,-15.111522,-15.217344,-15.331823,-15.453601,-15.581159,-15.713052,-15.847982,-15.984564,-16.120857,-16.254045,-16.380688,-16.497774,-16.604088,-16.701038,-16.792202,-16.881899,-16.973667,-17.069496,-17.16991,-17.274523,-17.3826,Shaft
-14.422237,-14.429874,-14.43891,-14.449548,-14.462001,-14.476482,-14.493198,-14.512335,-14.534051,-14.558478,-14.585735,-14.615959,-14.649366,-14.686325,-14.727436,-14.773588,-14.825964,-14.886005,-14.955348,-15.035777,-15.129211,-15.237704,-15.36342,-15.508537,-15.675043,-15.864332,-16.07654,-16.30955,-16.557737,-16.811043,-17.055552,-17.276821,Spine
-13.43194,-13.445192,-13.461128,-13.480255,-13.5031595,-13.53051,-13.563059,-13.601634,-13.647123,-13.700441,-13.762479,-13.83403,-13.915692,-14.007749,-14.110047,-14.221922,-14.34219,-14.469313,-14.601736,-14.738359,-14.878957,-15.024299,-15.175828,-15.335008,-15.50265,-15.678567,-15.861605,-16.049946,-16.24147,-16.434008,-16.625343,-16.813053,Spine
-13.632217,-13.6440325,-13.658237,-13.675286,-13.695704,-13.720101,-13.74917,-13.783698,-13.824566,-13.872752,-13.929331,-13.995471,-14.072432,-14.161555,-14.264236,-14.381866,-14.515698,-14.666625,-14.834844,-15.019437,-15.217999,-15.426528,-15.639894,-15.85299,-16.062162,-16.265892,-16.464083,-16.656559,-16.842367,-17.020655,-17.192102,-17.359232,Spine
-14.508438,-14.521869,-14.538021,-14.557409,-14.5806265,-14.608349,-14.641336,-14.680415,-14.726463,-14.780359,-14.842913,-14.914754,-14.996173,-15.086909,-15.18592,-15.291159,-15.399514,-15.507039,-15.60961,-15.703942,-15.788604,-15.864512,-15.934664,-16.003263,-16.074696,-16.15266,-16.239708,-16.337183,-16.445425,-16.564001,-16.691845,-16.82742,Spine
-14.613177,-14.629062,-14.647974,-14.670402,-14.696864,-14.7279,-14.764031,-14.805723,-14.853315,-14.906956,-14.966512,-15.031513,-15.101125,-15.174204,-15.249445,-15.325608,-15.40175,-15.47738,-15.552489,-15.627452,-15.702882,-15.779489,-15.8579445,-15.938749,-16.022099,-16.107803,-16.195288,-16.283697,-16.372185,-16.460365,-16.548918,-16.640005,Shaft
-14.330616,-14.339581,-14.350248,-14.362898,-14.377832,-14.395382,-14.4158945,-14.4397335,-14.467273,-14.498903,-14.535039,-14.576153,-14.622818,-14.67576,-14.735909,-14.804417,-14.882619,-14.971955,-15.073837,-15.189499,-15.319834,-15.465168,-15.624945,-15.797279,-15.978481,-16.16281,-16.342949,-16.511623,-16.664013,-16.799595,-16.921843,-17.035788,Spine
-13.248675,-13.27454,-13.305796,-13.343535,-13.389053,-13.443879,-13.509803,-13.5889015,-13.68355,-13.796402,-13.930337,-14.088305,-14.273038,-14.486504,-14.728976,-14.997583,-15.284415,-15.575037,-15.8496,-16.089,-16.284077,-16.439548,-16.568188,-16.682016,-16.788261,-16.890177,-16.989033,-17.085245,-17.178762,-17.2693,-17.356588,-17.44046,Spine
-14.649871,-14.6647835,-14.682626,-14.703909,-14.729203,-14.7591305,-14.794348,-14.835518,-14.883265,-14.93811,-15.000398,-15.070197,-15.1472225,-15.230775,-15.319764,-15.412807,-15.508443,-15.60539,-15.702815,-15.800531,-15.899071,-15.99956,-16.103365,-16.211517,-16.324163,-16.440306,-16.558025,-16.675053,-16.789505,-16.90049,-17.00838,-17.114662,Shaft
-13.550569,-13.556293,-13.563171,-13.571426,-13.581313,-13.593131,-13.607224,-13.623994,-13.643902,-13.667481,-13.695356,-13.728259,-13.767055,-13.812773,-13.866641,-13.930101,-14.00482,-14.092661,-14.195631,-14.315766,-14.4549675,-14.614757,-14.795938,-14.998156,-15.219409,-15.455607,-15.700459,-15.945973,-16.18377,-16.406866,-16.611135,-16.795698,Spine
-14.259226,-14.27399,-14.291645,-14.312694,-14.337694,-14.367259,-14.402034,-14.4426775,-14.489824,-14.544038,-14.605754,-14.675229,-14.752507,-14.837421,-14.929657,-15.028854,-15.134714,-15.247031,-15.36558,-15.489885,-15.618971,-15.751284,-15.884932,-16.018234,-16.150324,-16.281435,-16.412592,-16.544823,-16.678381,-16.812504,-16.945744,-17.076704,Shaft
-14.279607,-14.285523,-14.29258,-14.300968,-14.3109,-14.322601,-14.336309,-14.352266,-14.370702,-14.391829,-14.415828,-14.442852,-14.473039,-14.506549,-14.543639,-14.584758,-14.630641,-14.682393,-14.741501,-14.80978,-14.889276,-14.982153,-15.090619,-15.216849,-15.362856,-15.530245,-15.719806,-15.930935,-16.160973,-16.404644,-16.65394,-16.898773,Spine
-14.571471,-14.575947,-14.581312,-14.58773,-14.595392,-14.604512,-14.615336,-14.628147,-14.643261,-14.661041,-14.681903,-14.70633,-14.734891,-14.768256,-14.807221,-14.852711,-14.905775,-14.967563,-15.039268,-15.122064,-15.2170105,-15.324948,-15.446378,-15.581335,-15.729297,-15.889151,-16.059206,-16.237215,-16.420279,-16.604696,-16.786055,-16.960028,Spine
-14.087764,-14.092605,-14.098443,-14.105477,-14.113944,-14.124122,-14.136338,-14.150981,-14.168507,-14.189448,-14.214438,-14.244218,-14.279656,-14.321778,-14.371774,-14.431013,-14.50105,-14.583599,-14.6805,-14.793645,-14.924854,-15.075688,-15.247139,-15.439198,-15.650282,-15.876602,-16.111725,-16.346817,-16.572178,-16.78004,-16.967411,-17.136843,Spine
-14.615851,-14.618709,-14.622149,-14.626287,-14.631258,-14.637218,-14.644354,-14.652881,-14.6630535,-14.675169,-14.689576,-14.706685,-14.726979,-14.751033,-14.779518,-14.813222,-14.853053,-14.900053,-14.955399,-15.020416,-15.096601,-15.185628,-15.289378,-15.409921,-15.54946,-15.710165,-15.893811,-16.101156,-16.330992,-16.579031,-16.83714,-17.093912,Spine
